-- phpMyAdmin SQL Dump
-- version 3.5.8.2
-- http://www.phpmyadmin.net
--
-- 主机: localhost
-- 生成日期: 2021-03-26 07:27:28
-- 服务器版本: 10.3.14-MariaDB
-- PHP 版本: 7.4.7

SET SQL_MODE="NO_AUTO_VALUE_ON_ZERO";
SET time_zone = "+00:00";


/*!40101 SET @OLD_CHARACTER_SET_CLIENT=@@CHARACTER_SET_CLIENT */;
/*!40101 SET @OLD_CHARACTER_SET_RESULTS=@@CHARACTER_SET_RESULTS */;
/*!40101 SET @OLD_COLLATION_CONNECTION=@@COLLATION_CONNECTION */;
/*!40101 SET NAMES utf8 */;

--
-- 数据库: `hidigg`
--

-- --------------------------------------------------------

--
-- 表的结构 `dict_zone_city`
--

CREATE TABLE IF NOT EXISTS `dict_zone_city` (
  `city_code` double NOT NULL,
  `city_name` varchar(40) NOT NULL DEFAULT '',
  `city_short_name` varchar(10) NOT NULL DEFAULT '',
  `province_code` double NOT NULL,
  `province_name` varchar(30) NOT NULL DEFAULT '',
  `city_grade` enum('一线城市','新一线城市','二线城市','三线城市','四线城市','五线城市','未分线城市','') NOT NULL DEFAULT '',
  PRIMARY KEY (`city_code`),
  KEY `city_name` (`city_name`),
  KEY `city_short_name` (`city_short_name`),
  KEY `province_code` (`province_code`)
) ENGINE=MyISAM DEFAULT CHARSET=utf8mb4 COMMENT='省市区划编码，国家统计局统计2017年版';

--
-- 转存表中的数据 `dict_zone_city`
--

INSERT INTO `dict_zone_city` (`city_code`, `city_name`, `city_short_name`, `province_code`, `province_name`, `city_grade`) VALUES
(1101, '北京市', '北京', 11, '北京市', '一线城市'),
(1201, '天津市', '天津', 12, '天津市', '新一线城市'),
(1301, '石家庄市', '石家庄', 13, '河北省', '二线城市'),
(1302, '唐山市', '唐山', 13, '河北省', '三线城市'),
(1303, '秦皇岛市', '秦皇岛', 13, '河北省', '三线城市'),
(1304, '邯郸市', '邯郸', 13, '河北省', '三线城市'),
(1305, '邢台市', '邢台', 13, '河北省', '三线城市'),
(1306, '保定市', '保定', 13, '河北省', '二线城市'),
(1307, '张家口市', '张家口', 13, '河北省', '四线城市'),
(1308, '承德市', '承德', 13, '河北省', '四线城市'),
(1309, '沧州市', '沧州', 13, '河北省', '三线城市'),
(1310, '廊坊市', '廊坊', 13, '河北省', '三线城市'),
(1311, '衡水市', '衡水', 13, '河北省', '四线城市'),
(1401, '太原市', '太原', 14, '山西省', '二线城市'),
(1402, '大同市', '大同', 14, '山西省', '四线城市'),
(1403, '阳泉市', '阳泉', 14, '山西省', '五线城市'),
(1404, '长治市', '长治', 14, '山西省', '五线城市'),
(1405, '晋城市', '晋城', 14, '山西省', '五线城市'),
(1406, '朔州市', '朔州', 14, '山西省', '五线城市'),
(1407, '晋中市', '晋中', 14, '山西省', '四线城市'),
(1408, '运城市', '运城', 14, '山西省', '四线城市'),
(1409, '忻州市', '忻州', 14, '山西省', '五线城市'),
(1410, '临汾市', '临汾', 14, '山西省', '四线城市'),
(1411, '吕梁市', '吕梁', 14, '山西省', '五线城市'),
(1501, '呼和浩特市', '呼和浩特', 15, '内蒙古自治区', '三线城市'),
(1502, '包头市', '包头', 15, '内蒙古自治区', '三线城市'),
(1503, '乌海市', '乌海', 15, '内蒙古自治区', '五线城市'),
(1504, '赤峰市', '赤峰', 15, '内蒙古自治区', '四线城市'),
(1505, '通辽市', '通辽', 15, '内蒙古自治区', '四线城市'),
(1506, '鄂尔多斯市', '鄂尔多斯', 15, '内蒙古自治区', '四线城市'),
(1507, '呼伦贝尔市', '呼伦贝尔', 15, '内蒙古自治区', '四线城市'),
(1508, '巴彦淖尔市', '巴彦淖尔', 15, '内蒙古自治区', '五线城市'),
(1509, '乌兰察布市', '乌兰察布', 15, '内蒙古自治区', '五线城市'),
(1522, '兴安盟', '兴安盟', 15, '内蒙古自治区', '五线城市'),
(1525, '锡林郭勒盟', '锡林郭勒盟', 15, '内蒙古自治区', '五线城市'),
(1529, '阿拉善盟', '阿拉善盟', 15, '内蒙古自治区', '五线城市'),
(2101, '沈阳市', '沈阳', 21, '辽宁省', '新一线城市'),
(2102, '大连市', '大连', 21, '辽宁省', '二线城市'),
(2103, '鞍山市', '鞍山', 21, '辽宁省', '三线城市'),
(2104, '抚顺市', '抚顺', 21, '辽宁省', '四线城市'),
(2105, '本溪市', '本溪', 21, '辽宁省', '五线城市'),
(2106, '丹东市', '丹东', 21, '辽宁省', '四线城市'),
(2107, '锦州市', '锦州', 21, '辽宁省', '四线城市'),
(2108, '营口市', '营口', 21, '辽宁省', '四线城市'),
(2109, '阜新市', '阜新', 21, '辽宁省', '五线城市'),
(2110, '辽阳市', '辽阳', 21, '辽宁省', '五线城市'),
(2111, '盘锦市', '盘锦', 21, '辽宁省', '四线城市'),
(2112, '铁岭市', '铁岭', 21, '辽宁省', '五线城市'),
(2113, '朝阳市', '朝阳', 21, '辽宁省', '五线城市'),
(2114, '葫芦岛市', '葫芦岛', 21, '辽宁省', '五线城市'),
(2201, '长春市', '长春', 22, '吉林省', '二线城市'),
(2202, '吉林市', '吉林', 22, '吉林省', '三线城市'),
(2203, '四平市', '四平', 22, '吉林省', '五线城市'),
(2204, '辽源市', '辽源', 22, '吉林省', '五线城市'),
(2205, '通化市', '通化', 22, '吉林省', '四线城市'),
(2206, '白山市', '白山', 22, '吉林省', '五线城市'),
(2207, '松原市', '松原', 22, '吉林省', '四线城市'),
(2208, '白城市', '白城', 22, '吉林省', '五线城市'),
(2224, '延边朝鲜族自治州', '延边', 22, '吉林省', '四线城市'),
(2301, '哈尔滨市', '哈尔滨', 23, '黑龙江省', '二线城市'),
(2302, '齐齐哈尔市', '齐齐哈尔', 23, '黑龙江省', '四线城市'),
(2303, '鸡西市', '鸡西', 23, '黑龙江省', '五线城市'),
(2304, '鹤岗市', '鹤岗', 23, '黑龙江省', '五线城市'),
(2305, '双鸭山市', '双鸭山', 23, '黑龙江省', '五线城市'),
(2306, '大庆市', '大庆', 23, '黑龙江省', '三线城市'),
(2307, '伊春市', '伊春', 23, '黑龙江省', '五线城市'),
(2308, '佳木斯市', '佳木斯', 23, '黑龙江省', '四线城市'),
(2309, '七台河市', '七台河', 23, '黑龙江省', '五线城市'),
(2310, '牡丹江市', '牡丹江', 23, '黑龙江省', '四线城市'),
(2311, '黑河市', '黑河', 23, '黑龙江省', '五线城市'),
(2312, '绥化市', '绥化', 23, '黑龙江省', '五线城市'),
(2327, '大兴安岭地区', '大兴安岭', 23, '黑龙江省', '五线城市'),
(3101, '上海市', '上海', 31, '上海市', '一线城市'),
(3201, '南京市', '南京', 32, '江苏省', '新一线城市'),
(3202, '无锡市', '无锡', 32, '江苏省', '新一线城市'),
(3203, '徐州市', '徐州', 32, '江苏省', '二线城市'),
(3204, '常州市', '常州', 32, '江苏省', '二线城市'),
(3205, '苏州市', '苏州', 32, '江苏省', '新一线城市'),
(3206, '南通市', '南通', 32, '江苏省', '二线城市'),
(3207, '连云港市', '连云港', 32, '江苏省', '三线城市'),
(3208, '淮安市', '淮安', 32, '江苏省', '三线城市'),
(3209, '盐城市', '盐城', 32, '江苏省', '三线城市'),
(3210, '扬州市', '扬州', 32, '江苏省', '三线城市'),
(3211, '镇江市', '镇江', 32, '江苏省', '三线城市'),
(3212, '泰州市', '泰州', 32, '江苏省', '三线城市'),
(3213, '宿迁市', '宿迁', 32, '江苏省', '三线城市'),
(3301, '杭州市', '杭州', 33, '浙江省', '新一线城市'),
(3302, '宁波市', '宁波', 33, '浙江省', '新一线城市'),
(3303, '温州市', '温州', 33, '浙江省', '二线城市'),
(3304, '嘉兴市', '嘉兴', 33, '浙江省', '二线城市'),
(3305, '湖州市', '湖州', 33, '浙江省', '三线城市'),
(3306, '绍兴市', '绍兴', 33, '浙江省', '二线城市'),
(3307, '金华市', '金华', 33, '浙江省', '二线城市'),
(3308, '衢州市', '衢州', 33, '浙江省', '四线城市'),
(3309, '舟山市', '舟山', 33, '浙江省', '四线城市'),
(3310, '台州市', '台州', 33, '浙江省', '二线城市'),
(3311, '丽水市', '丽水', 33, '浙江省', '四线城市'),
(3401, '合肥市', '合肥', 34, '安徽省', '二线城市'),
(3402, '芜湖市', '芜湖', 34, '安徽省', '三线城市'),
(3403, '蚌埠市', '蚌埠', 34, '安徽省', '三线城市'),
(3404, '淮南市', '淮南', 34, '安徽省', '四线城市'),
(3405, '马鞍山市', '马鞍山', 34, '安徽省', '四线城市'),
(3406, '淮北市', '淮北', 34, '安徽省', '五线城市'),
(3407, '铜陵市', '铜陵', 34, '安徽省', '三线城市'),
(3408, '安庆市', '安庆', 34, '安徽省', '四线城市'),
(3410, '黄山市', '黄山', 34, '安徽省', '四线城市'),
(3411, '滁州市', '滁州', 34, '安徽省', '三线城市'),
(3412, '阜阳市', '阜阳', 34, '安徽省', '三线城市'),
(3413, '宿州市', '宿州', 34, '安徽省', '四线城市'),
(3415, '六安市', '六安', 34, '安徽省', '四线城市'),
(3416, '亳州市', '亳州', 34, '安徽省', '四线城市'),
(3417, '池州市', '池州', 34, '安徽省', '五线城市'),
(3418, '宣城市', '宣城', 34, '安徽省', '四线城市'),
(3501, '福州市', '福州', 35, '福建省', '二线城市'),
(3502, '厦门市', '厦门', 35, '福建省', '二线城市'),
(3503, '莆田市', '莆田', 35, '福建省', '三线城市'),
(3504, '三明市', '三明', 35, '福建省', '四线城市'),
(3505, '泉州市', '泉州', 35, '福建省', '二线城市'),
(3506, '漳州市', '漳州', 35, '福建省', '三线城市'),
(3507, '南平市', '南平', 35, '福建省', '四线城市'),
(3508, '龙岩市', '龙岩', 35, '福建省', '四线城市'),
(3509, '宁德市', '宁德', 35, '福建省', '三线城市'),
(3601, '南昌市', '南昌', 36, '江西省', '二线城市'),
(3602, '景德镇市', '景德镇', 36, '江西省', '五线城市'),
(3603, '萍乡市', '萍乡', 36, '江西省', '五线城市'),
(3604, '九江市', '九江', 36, '江西省', '三线城市'),
(3605, '新余市', '新余', 36, '江西省', '五线城市'),
(3606, '鹰潭市', '鹰潭', 36, '江西省', '五线城市'),
(3607, '赣州市', '赣州', 36, '江西省', '三线城市'),
(3608, '吉安市', '吉安', 36, '江西省', '四线城市'),
(3609, '宜春市', '宜春', 36, '江西省', '三线城市'),
(3610, '抚州市', '抚州', 36, '江西省', '四线城市'),
(3611, '上饶市', '上饶', 36, '江西省', '三线城市'),
(3701, '济南市', '济南', 37, '山东省', '二线城市'),
(3702, '青岛市', '青岛', 37, '山东省', '新一线城市'),
(3703, '淄博市', '淄博', 37, '山东省', '三线城市'),
(3704, '枣庄市', '枣庄', 37, '山东省', '四线城市'),
(3705, '东营市', '东营', 37, '山东省', '四线城市'),
(3706, '烟台市', '烟台', 37, '山东省', '二线城市'),
(3707, '潍坊市', '潍坊', 37, '山东省', '二线城市'),
(3708, '济宁市', '济宁', 37, '山东省', '三线城市'),
(3709, '泰安市', '泰安', 37, '山东省', '四线城市'),
(3710, '威海市', '威海', 37, '山东省', '三线城市'),
(3711, '日照市', '日照', 37, '山东省', '四线城市'),
(3712, '莱芜市', '莱芜', 37, '山东省', '五线城市'),
(3713, '临沂市', '临沂', 37, '山东省', '三线城市'),
(3714, '德州市', '德州', 37, '山东省', '四线城市'),
(3715, '聊城市', '聊城', 37, '山东省', '四线城市'),
(3716, '滨州市', '滨州', 37, '山东省', '四线城市'),
(3717, '菏泽市', '菏泽', 37, '山东省', '三线城市'),
(4101, '郑州市', '郑州', 41, '河南省', '新一线城市'),
(4102, '开封市', '开封', 41, '河南省', '四线城市'),
(4103, '洛阳市', '洛阳', 41, '河南省', '三线城市'),
(4104, '平顶山市', '平顶山', 41, '河南省', '四线城市'),
(4105, '安阳市', '安阳', 41, '河南省', '四线城市'),
(4106, '鹤壁市', '鹤壁', 41, '河南省', '五线城市'),
(4107, '新乡市', '新乡', 41, '河南省', '三线城市'),
(4108, '焦作市', '焦作', 41, '河南省', '四线城市'),
(4109, '濮阳市', '濮阳', 41, '河南省', '四线城市'),
(4110, '许昌市', '许昌', 41, '河南省', '三线城市'),
(4111, '漯河市', '漯河', 41, '河南省', '四线城市'),
(4112, '三门峡市', '三门峡', 41, '河南省', '五线城市'),
(4113, '南阳市', '南阳', 41, '河南省', '三线城市'),
(4114, '商丘市', '商丘', 41, '河南省', '三线城市'),
(4115, '信阳市', '信阳', 41, '河南省', '三线城市'),
(4116, '周口市', '周口', 41, '河南省', '四线城市'),
(4117, '驻马店市', '驻马店', 41, '河南省', '三线城市'),
(4190, '省直辖县', '省直辖县', 41, '河南省', ''),
(4201, '武汉市', '武汉', 42, '湖北省', '新一线城市'),
(4202, '黄石市', '黄石', 42, '湖北省', '四线城市'),
(4203, '十堰市', '十堰', 42, '湖北省', '四线城市'),
(4205, '宜昌市', '宜昌', 42, '湖北省', '三线城市'),
(4206, '襄阳市', '襄阳', 42, '湖北省', '三线城市'),
(4207, '鄂州市', '鄂州', 42, '湖北省', '五线城市'),
(4208, '荆门市', '荆门', 42, '湖北省', '五线城市'),
(4209, '孝感市', '孝感', 42, '湖北省', '四线城市'),
(4210, '荆州市', '荆州', 42, '湖北省', '三线城市'),
(4211, '黄冈市', '黄冈', 42, '湖北省', '三线城市'),
(4212, '咸宁市', '咸宁', 42, '湖北省', '四线城市'),
(4213, '随州市', '随州', 42, '湖北省', '五线城市'),
(4228, '恩施土家族苗族自治州', '恩施', 42, '湖北省', '五线城市'),
(4290, '省直辖县', '省直辖县', 42, '湖北省', ''),
(4301, '长沙市', '长沙', 43, '湖南省', '新一线城市'),
(4302, '株洲市', '株洲', 43, '湖南省', '三线城市'),
(4303, '湘潭市', '湘潭', 43, '湖南省', '三线城市'),
(4304, '衡阳市', '衡阳', 43, '湖南省', '三线城市'),
(4305, '邵阳市', '邵阳', 43, '湖南省', '四线城市'),
(4306, '岳阳市', '岳阳', 43, '湖南省', '三线城市'),
(4307, '常德市', '常德', 43, '湖南省', '三线城市'),
(4308, '张家界市', '张家界', 43, '湖南省', '五线城市'),
(4309, '益阳市', '益阳', 43, '湖南省', '四线城市'),
(4310, '郴州市', '郴州', 43, '湖南省', '四线城市'),
(4311, '永州市', '永州', 43, '湖南省', '四线城市'),
(4312, '怀化市', '怀化', 43, '湖南省', '四线城市'),
(4313, '娄底市', '娄底', 43, '湖南省', '四线城市'),
(4331, '湘西土家族苗族自治州', '湘西', 43, '湖南省', '五线城市'),
(4401, '广州市', '广州', 44, '广东省', '一线城市'),
(4402, '韶关市', '韶关', 44, '广东省', '四线城市'),
(4403, '深圳市', '深圳', 44, '广东省', '一线城市'),
(4404, '珠海市', '珠海', 44, '广东省', '三线城市'),
(4405, '汕头市', '汕头', 44, '广东省', '三线城市'),
(4406, '佛山市', '佛山', 44, '广东省', '二线城市'),
(4407, '江门市', '江门', 44, '广东省', '三线城市'),
(4408, '湛江市', '湛江', 44, '广东省', '三线城市'),
(4409, '茂名市', '茂名', 44, '广东省', '四线城市'),
(4412, '肇庆市', '肇庆', 44, '广东省', '三线城市'),
(4413, '惠州市', '惠州', 44, '广东省', '二线城市'),
(4414, '梅州市', '梅州', 44, '广东省', '四线城市'),
(4415, '汕尾市', '汕尾', 44, '广东省', '四线城市'),
(4416, '河源市', '河源', 44, '广东省', '四线城市'),
(4417, '阳江市', '阳江', 44, '广东省', '四线城市'),
(4418, '清远市', '清远', 44, '广东省', '四线城市'),
(4419, '东莞市', '东莞', 44, '广东省', '新一线城市'),
(4420, '中山市', '中山', 44, '广东省', '二线城市'),
(4451, '潮州市', '潮州', 44, '广东省', '三线城市'),
(4452, '揭阳市', '揭阳', 44, '广东省', '三线城市'),
(4453, '云浮市', '云浮', 44, '广东省', '五线城市'),
(4501, '南宁市', '南宁', 45, '广西壮族自治区', '二线城市'),
(4502, '柳州市', '柳州', 45, '广西壮族自治区', '三线城市'),
(4503, '桂林市', '桂林', 45, '广西壮族自治区', '三线城市'),
(4504, '梧州市', '梧州', 45, '广西壮族自治区', '五线城市'),
(4505, '北海市', '北海', 45, '广西壮族自治区', '四线城市'),
(4506, '防城港市', '防城港', 45, '广西壮族自治区', '五线城市'),
(4507, '钦州市', '钦州', 45, '广西壮族自治区', '五线城市'),
(4508, '贵港市', '贵港', 45, '广西壮族自治区', '五线城市'),
(4509, '玉林市', '玉林', 45, '广西壮族自治区', '四线城市'),
(4510, '百色市', '百色', 45, '广西壮族自治区', '五线城市'),
(4511, '贺州市', '贺州', 45, '广西壮族自治区', '五线城市'),
(4512, '河池市', '河池', 45, '广西壮族自治区', '五线城市'),
(4513, '来宾市', '来宾', 45, '广西壮族自治区', '五线城市'),
(4514, '崇左市', '崇左', 45, '广西壮族自治区', '五线城市'),
(4601, '海口市', '海口', 46, '海南省', '三线城市'),
(4602, '三亚市', '三亚', 46, '海南省', '三线城市'),
(4603, '三沙市', '三沙', 46, '海南省', '五线城市'),
(4604, '儋州市', '儋州', 46, '海南省', '五线城市'),
(4690, '省直辖县', '省直辖县', 46, '海南省', ''),
(5001, '重庆市', '重庆', 50, '重庆市', '新一线城市'),
(5002, '县', '县', 50, '重庆市', ''),
(5101, '成都市', '成都', 51, '四川省', '新一线城市'),
(5103, '自贡市', '自贡', 51, '四川省', '五线城市'),
(5104, '攀枝花市', '攀枝花', 51, '四川省', '五线城市'),
(5105, '泸州市', '泸州', 51, '四川省', '四线城市'),
(5106, '德阳市', '德阳', 51, '四川省', '三线城市'),
(5107, '绵阳市', '绵阳', 51, '四川省', '三线城市'),
(5108, '广元市', '广元', 51, '四川省', '五线城市'),
(5109, '遂宁市', '遂宁', 51, '四川省', '四线城市'),
(5110, '内江市', '内江', 51, '四川省', '四线城市'),
(5111, '乐山市', '乐山', 51, '四川省', '四线城市'),
(5113, '南充市', '南充', 51, '四川省', '四线城市'),
(5114, '眉山市', '眉山', 51, '四川省', '四线城市'),
(5115, '宜宾市', '宜宾', 51, '四川省', '四线城市'),
(5116, '广安市', '广安', 51, '四川省', '五线城市'),
(5117, '达州市', '达州', 51, '四川省', '五线城市'),
(5118, '雅安市', '雅安', 51, '四川省', '五线城市'),
(5119, '巴中市', '巴中', 51, '四川省', '五线城市'),
(5120, '资阳市', '资阳', 51, '四川省', '五线城市'),
(5132, '阿坝藏族羌族自治州', '阿坝', 51, '四川省', '五线城市'),
(5133, '甘孜藏族自治州', '甘孜', 51, '四川省', '五线城市'),
(5134, '凉山彝族自治州', '凉山', 51, '四川省', '五线城市'),
(5201, '贵阳市', '贵阳', 52, '贵州省', '二线城市'),
(5202, '六盘水市', '六盘水', 52, '贵州省', '五线城市'),
(5203, '遵义市', '遵义', 52, '贵州省', '三线城市'),
(5204, '安顺市', '安顺', 52, '贵州省', '四线城市'),
(5205, '毕节市', '毕节', 52, '贵州省', '四线城市'),
(5206, '铜仁市', '铜仁', 52, '贵州省', '四线城市'),
(5223, '黔西南布依族苗族自治州', '黔西南', 52, '贵州省', '五线城市'),
(5226, '黔东南苗族侗族自治州', '黔东南', 52, '贵州省', '四线城市'),
(5227, '黔南布依族苗族自治州', '黔南', 52, '贵州省', '四线城市'),
(5301, '昆明市', '昆明', 53, '云南省', '二线城市'),
(5303, '曲靖市', '曲靖', 53, '云南省', '三线城市'),
(5304, '玉溪市', '玉溪', 53, '云南省', '四线城市'),
(5305, '保山市', '保山', 53, '云南省', '五线城市'),
(5306, '昭通市', '昭通', 53, '云南省', '五线城市'),
(5307, '丽江市', '丽江', 53, '云南省', '四线城市'),
(5308, '普洱市', '普洱', 53, '云南省', '五线城市'),
(5309, '临沧市', '临沧', 53, '云南省', '五线城市'),
(5323, '楚雄彝族自治州', '楚雄', 53, '云南省', '五线城市'),
(5325, '红河哈尼族彝族自治州', '红河', 53, '云南省', '四线城市'),
(5326, '文山壮族苗族自治州', '文山', 53, '云南省', '五线城市'),
(5328, '西双版纳傣族自治州', '西双版纳', 53, '云南省', '五线城市'),
(5329, '大理白族自治州', '大理', 53, '云南省', '四线城市'),
(5331, '德宏傣族景颇族自治州', '德宏', 53, '云南省', '五线城市'),
(5333, '怒江傈僳族自治州', '怒江', 53, '云南省', '五线城市'),
(5334, '迪庆藏族自治州', '迪庆', 53, '云南省', '五线城市'),
(5401, '拉萨市', '拉萨', 54, '西藏自治区', '五线城市'),
(5402, '日喀则市', '日喀则', 54, '西藏自治区', '五线城市'),
(5403, '昌都市', '昌都', 54, '西藏自治区', '五线城市'),
(5404, '林芝市', '林芝', 54, '西藏自治区', '五线城市'),
(5405, '山南市', '山南', 54, '西藏自治区', '五线城市'),
(5424, '那曲地区', '那曲', 54, '西藏自治区', '五线城市'),
(5425, '阿里地区', '阿里', 54, '西藏自治区', '五线城市'),
(6101, '西安市', '西安', 61, '陕西省', '新一线城市'),
(6102, '铜川市', '铜川', 61, '陕西省', '五线城市'),
(6103, '宝鸡市', '宝鸡', 61, '陕西省', '四线城市'),
(6104, '咸阳市', '咸阳', 61, '陕西省', '三线城市'),
(6105, '渭南市', '渭南', 61, '陕西省', '四线城市'),
(6106, '延安市', '延安', 61, '陕西省', '五线城市'),
(6107, '汉中市', '汉中', 61, '陕西省', '五线城市'),
(6108, '榆林市', '榆林', 61, '陕西省', '四线城市'),
(6109, '安康市', '安康', 61, '陕西省', '五线城市'),
(6110, '商洛市', '商洛', 61, '陕西省', '五线城市'),
(6201, '兰州市', '兰州', 62, '甘肃省', '二线城市'),
(6202, '嘉峪关市', '嘉峪关', 62, '甘肃省', '五线城市'),
(6203, '金昌市', '金昌', 62, '甘肃省', '五线城市'),
(6204, '白银市', '白银', 62, '甘肃省', '五线城市'),
(6205, '天水市', '天水', 62, '甘肃省', '五线城市'),
(6206, '武威市', '武威', 62, '甘肃省', '五线城市'),
(6207, '张掖市', '张掖', 62, '甘肃省', '五线城市'),
(6208, '平凉市', '平凉', 62, '甘肃省', '五线城市'),
(6209, '酒泉市', '酒泉', 62, '甘肃省', '五线城市'),
(6210, '庆阳市', '庆阳', 62, '甘肃省', '五线城市'),
(6211, '定西市', '定西', 62, '甘肃省', '五线城市'),
(6212, '陇南市', '陇南', 62, '甘肃省', '五线城市'),
(6229, '临夏回族自治州', '临夏', 62, '甘肃省', '五线城市'),
(6230, '甘南藏族自治州', '甘南', 62, '甘肃省', '五线城市'),
(6301, '西宁市', '西宁', 63, '青海省', '三线城市'),
(6302, '海东市', '海东', 63, '青海省', '五线城市'),
(6322, '海北藏族自治州', '海北', 63, '青海省', '五线城市'),
(6323, '黄南藏族自治州', '黄南', 63, '青海省', '五线城市'),
(6325, '海南藏族自治州', '海南', 63, '青海省', '五线城市'),
(6326, '果洛藏族自治州', '果洛', 63, '青海省', '五线城市'),
(6327, '玉树藏族自治州', '玉树', 63, '青海省', '五线城市'),
(6328, '海西蒙古族藏族自治州', '海西', 63, '青海省', '五线城市'),
(6401, '银川市', '银川', 64, '宁夏回族自治区', '三线城市'),
(6402, '石嘴山市', '石嘴山', 64, '宁夏回族自治区', '五线城市'),
(6403, '吴忠市', '吴忠', 64, '宁夏回族自治区', '五线城市'),
(6404, '固原市', '固原', 64, '宁夏回族自治区', '五线城市'),
(6405, '中卫市', '中卫', 64, '宁夏回族自治区', '五线城市'),
(6501, '乌鲁木齐市', '乌鲁木齐', 65, '新疆维吾尔自治区', '二线城市'),
(6502, '克拉玛依市', '克拉玛依', 65, '新疆维吾尔自治区', '五线城市'),
(6504, '吐鲁番市', '吐鲁番', 65, '新疆维吾尔自治区', '五线城市'),
(6505, '哈密市', '哈密', 65, '新疆维吾尔自治区', '五线城市'),
(6523, '昌吉回族自治州', '昌吉', 65, '新疆维吾尔自治区', '五线城市'),
(6527, '博尔塔拉蒙古自治州', '博尔塔拉', 65, '新疆维吾尔自治区', '五线城市'),
(6528, '巴音郭楞蒙古自治州', '巴音郭楞', 65, '新疆维吾尔自治区', '五线城市'),
(6529, '阿克苏地区', '阿克苏', 65, '新疆维吾尔自治区', '五线城市'),
(6530, '克孜勒苏柯尔克孜自治州', '克孜勒苏柯尔克孜', 65, '新疆维吾尔自治区', '五线城市'),
(6531, '喀什地区', '喀什', 65, '新疆维吾尔自治区', '五线城市'),
(6532, '和田地区', '和田', 65, '新疆维吾尔自治区', '五线城市'),
(6540, '伊犁哈萨克自治州', '伊犁', 65, '新疆维吾尔自治区', '五线城市'),
(6542, '塔城地区', '塔城', 65, '新疆维吾尔自治区', '五线城市'),
(6543, '阿勒泰地区', '阿勒泰', 65, '新疆维吾尔自治区', '五线城市'),
(6590, '省直辖县', '省直辖县', 65, '新疆维吾尔自治区', ''),
(7100, '台湾', '台湾', 71, '台湾省', ''),
(8100, '香港', '香港', 81, '香港特别行政区', ''),
(8200, '澳门', '澳门', 82, '澳门特别行政区', '');

-- --------------------------------------------------------

--
-- 表的结构 `dict_zone_county`
--

CREATE TABLE IF NOT EXISTS `dict_zone_county` (
  `province_code` int(11) NOT NULL,
  `province_name` varchar(20) NOT NULL,
  `city_code` int(11) NOT NULL,
  `city_name` varchar(20) NOT NULL,
  `county_code` varchar(20) NOT NULL,
  `county_name` varchar(50) NOT NULL,
  KEY `province_code` (`province_code`),
  KEY `county_name` (`county_name`),
  KEY `county_code` (`county_code`),
  KEY `city_code` (`city_code`)
) ENGINE=MyISAM DEFAULT CHARSET=utf8mb4;

--
-- 转存表中的数据 `dict_zone_county`
--

INSERT INTO `dict_zone_county` (`province_code`, `province_name`, `city_code`, `city_name`, `county_code`, `county_name`) VALUES
(11, '北京市', 1101, '市辖区', '110101', '东城区'),
(11, '北京市', 1101, '市辖区', '110102', '西城区'),
(11, '北京市', 1101, '市辖区', '110105', '朝阳区'),
(11, '北京市', 1101, '市辖区', '110106', '丰台区'),
(11, '北京市', 1101, '市辖区', '110107', '石景山区'),
(11, '北京市', 1101, '市辖区', '110108', '海淀区'),
(11, '北京市', 1101, '市辖区', '110109', '门头沟区'),
(11, '北京市', 1101, '市辖区', '110111', '房山区'),
(11, '北京市', 1101, '市辖区', '110112', '通州区'),
(11, '北京市', 1101, '市辖区', '110113', '顺义区'),
(11, '北京市', 1101, '市辖区', '110114', '昌平区'),
(11, '北京市', 1101, '市辖区', '110115', '大兴区'),
(11, '北京市', 1101, '市辖区', '110116', '怀柔区'),
(11, '北京市', 1101, '市辖区', '110117', '平谷区'),
(11, '北京市', 1101, '市辖区', '110118', '密云区'),
(11, '北京市', 1101, '市辖区', '110119', '延庆区'),
(12, '天津市', 1201, '市辖区', '120101', '和平区'),
(12, '天津市', 1201, '市辖区', '120102', '河东区'),
(12, '天津市', 1201, '市辖区', '120103', '河西区'),
(12, '天津市', 1201, '市辖区', '120104', '南开区'),
(12, '天津市', 1201, '市辖区', '120105', '河北区'),
(12, '天津市', 1201, '市辖区', '120106', '红桥区'),
(12, '天津市', 1201, '市辖区', '120110', '东丽区'),
(12, '天津市', 1201, '市辖区', '120111', '西青区'),
(12, '天津市', 1201, '市辖区', '120112', '津南区'),
(12, '天津市', 1201, '市辖区', '120113', '北辰区'),
(12, '天津市', 1201, '市辖区', '120114', '武清区'),
(12, '天津市', 1201, '市辖区', '120115', '宝坻区'),
(12, '天津市', 1201, '市辖区', '120116', '滨海新区'),
(12, '天津市', 1201, '市辖区', '120117', '宁河区'),
(12, '天津市', 1201, '市辖区', '120118', '静海区'),
(12, '天津市', 1201, '市辖区', '120119', '蓟州区'),
(13, '河北省', 1301, '石家庄市', '130102', '长安区'),
(13, '河北省', 1301, '石家庄市', '130104', '桥西区'),
(13, '河北省', 1301, '石家庄市', '130105', '新华区'),
(13, '河北省', 1301, '石家庄市', '130107', '井陉矿区'),
(13, '河北省', 1301, '石家庄市', '130108', '裕华区'),
(13, '河北省', 1301, '石家庄市', '130109', '藁城区'),
(13, '河北省', 1301, '石家庄市', '130110', '鹿泉区'),
(13, '河北省', 1301, '石家庄市', '130111', '栾城区'),
(13, '河北省', 1301, '石家庄市', '130121', '井陉县'),
(13, '河北省', 1301, '石家庄市', '130123', '正定县'),
(13, '河北省', 1301, '石家庄市', '130125', '行唐县'),
(13, '河北省', 1301, '石家庄市', '130126', '灵寿县'),
(13, '河北省', 1301, '石家庄市', '130127', '高邑县'),
(13, '河北省', 1301, '石家庄市', '130128', '深泽县'),
(13, '河北省', 1301, '石家庄市', '130129', '赞皇县'),
(13, '河北省', 1301, '石家庄市', '130130', '无极县'),
(13, '河北省', 1301, '石家庄市', '130131', '平山县'),
(13, '河北省', 1301, '石家庄市', '130132', '元氏县'),
(13, '河北省', 1301, '石家庄市', '130133', '赵县'),
(13, '河北省', 1301, '石家庄市', '130171', '石家庄高新技术产业开发区'),
(13, '河北省', 1301, '石家庄市', '130172', '石家庄循环化工园区'),
(13, '河北省', 1301, '石家庄市', '130181', '辛集市'),
(13, '河北省', 1301, '石家庄市', '130183', '晋州市'),
(13, '河北省', 1301, '石家庄市', '130184', '新乐市'),
(13, '河北省', 1302, '唐山市', '130202', '路南区'),
(13, '河北省', 1302, '唐山市', '130203', '路北区'),
(13, '河北省', 1302, '唐山市', '130204', '古冶区'),
(13, '河北省', 1302, '唐山市', '130205', '开平区'),
(13, '河北省', 1302, '唐山市', '130207', '丰南区'),
(13, '河北省', 1302, '唐山市', '130208', '丰润区'),
(13, '河北省', 1302, '唐山市', '130209', '曹妃甸区'),
(13, '河北省', 1302, '唐山市', '130223', '滦县'),
(13, '河北省', 1302, '唐山市', '130224', '滦南县'),
(13, '河北省', 1302, '唐山市', '130225', '乐亭县'),
(13, '河北省', 1302, '唐山市', '130227', '迁西县'),
(13, '河北省', 1302, '唐山市', '130229', '玉田县'),
(13, '河北省', 1302, '唐山市', '130271', '唐山市芦台经济技术开发区'),
(13, '河北省', 1302, '唐山市', '130272', '唐山市汉沽管理区'),
(13, '河北省', 1302, '唐山市', '130273', '唐山高新技术产业开发区'),
(13, '河北省', 1302, '唐山市', '130274', '河北唐山海港经济开发区'),
(13, '河北省', 1302, '唐山市', '130281', '遵化市'),
(13, '河北省', 1302, '唐山市', '130283', '迁安市'),
(13, '河北省', 1303, '秦皇岛市', '130302', '海港区'),
(13, '河北省', 1303, '秦皇岛市', '130303', '山海关区'),
(13, '河北省', 1303, '秦皇岛市', '130304', '北戴河区'),
(13, '河北省', 1303, '秦皇岛市', '130306', '抚宁区'),
(13, '河北省', 1303, '秦皇岛市', '130321', '青龙满族自治县'),
(13, '河北省', 1303, '秦皇岛市', '130322', '昌黎县'),
(13, '河北省', 1303, '秦皇岛市', '130324', '卢龙县'),
(13, '河北省', 1303, '秦皇岛市', '130371', '秦皇岛市经济技术开发区'),
(13, '河北省', 1303, '秦皇岛市', '130372', '北戴河新区'),
(13, '河北省', 1304, '邯郸市', '130402', '邯山区'),
(13, '河北省', 1304, '邯郸市', '130403', '丛台区'),
(13, '河北省', 1304, '邯郸市', '130404', '复兴区'),
(13, '河北省', 1304, '邯郸市', '130406', '峰峰矿区'),
(13, '河北省', 1304, '邯郸市', '130407', '肥乡区'),
(13, '河北省', 1304, '邯郸市', '130408', '永年区'),
(13, '河北省', 1304, '邯郸市', '130423', '临漳县'),
(13, '河北省', 1304, '邯郸市', '130424', '成安县'),
(13, '河北省', 1304, '邯郸市', '130425', '大名县'),
(13, '河北省', 1304, '邯郸市', '130426', '涉县'),
(13, '河北省', 1304, '邯郸市', '130427', '磁县'),
(13, '河北省', 1304, '邯郸市', '130430', '邱县'),
(13, '河北省', 1304, '邯郸市', '130431', '鸡泽县'),
(13, '河北省', 1304, '邯郸市', '130432', '广平县'),
(13, '河北省', 1304, '邯郸市', '130433', '馆陶县'),
(13, '河北省', 1304, '邯郸市', '130434', '魏县'),
(13, '河北省', 1304, '邯郸市', '130435', '曲周县'),
(13, '河北省', 1304, '邯郸市', '130471', '邯郸经济技术开发区'),
(13, '河北省', 1304, '邯郸市', '130473', '邯郸冀南新区'),
(13, '河北省', 1304, '邯郸市', '130481', '武安市'),
(13, '河北省', 1305, '邢台市', '130502', '桥东区'),
(13, '河北省', 1305, '邢台市', '130503', '桥西区'),
(13, '河北省', 1305, '邢台市', '130521', '邢台县'),
(13, '河北省', 1305, '邢台市', '130522', '临城县'),
(13, '河北省', 1305, '邢台市', '130523', '内丘县'),
(13, '河北省', 1305, '邢台市', '130524', '柏乡县'),
(13, '河北省', 1305, '邢台市', '130525', '隆尧县'),
(13, '河北省', 1305, '邢台市', '130526', '任县'),
(13, '河北省', 1305, '邢台市', '130527', '南和县'),
(13, '河北省', 1305, '邢台市', '130528', '宁晋县'),
(13, '河北省', 1305, '邢台市', '130529', '巨鹿县'),
(13, '河北省', 1305, '邢台市', '130530', '新河县'),
(13, '河北省', 1305, '邢台市', '130531', '广宗县'),
(13, '河北省', 1305, '邢台市', '130532', '平乡县'),
(13, '河北省', 1305, '邢台市', '130533', '威县'),
(13, '河北省', 1305, '邢台市', '130534', '清河县'),
(13, '河北省', 1305, '邢台市', '130535', '临西县'),
(13, '河北省', 1305, '邢台市', '130571', '河北邢台经济开发区'),
(13, '河北省', 1305, '邢台市', '130581', '南宫市'),
(13, '河北省', 1305, '邢台市', '130582', '沙河市'),
(13, '河北省', 1306, '保定市', '130602', '竞秀区'),
(13, '河北省', 1306, '保定市', '130606', '莲池区'),
(13, '河北省', 1306, '保定市', '130607', '满城区'),
(13, '河北省', 1306, '保定市', '130608', '清苑区'),
(13, '河北省', 1306, '保定市', '130609', '徐水区'),
(13, '河北省', 1306, '保定市', '130623', '涞水县'),
(13, '河北省', 1306, '保定市', '130624', '阜平县'),
(13, '河北省', 1306, '保定市', '130626', '定兴县'),
(13, '河北省', 1306, '保定市', '130627', '唐县'),
(13, '河北省', 1306, '保定市', '130628', '高阳县'),
(13, '河北省', 1306, '保定市', '130629', '容城县'),
(13, '河北省', 1306, '保定市', '130630', '涞源县'),
(13, '河北省', 1306, '保定市', '130631', '望都县'),
(13, '河北省', 1306, '保定市', '130632', '安新县'),
(13, '河北省', 1306, '保定市', '130633', '易县'),
(13, '河北省', 1306, '保定市', '130634', '曲阳县'),
(13, '河北省', 1306, '保定市', '130635', '蠡县'),
(13, '河北省', 1306, '保定市', '130636', '顺平县'),
(13, '河北省', 1306, '保定市', '130637', '博野县'),
(13, '河北省', 1306, '保定市', '130638', '雄县'),
(13, '河北省', 1306, '保定市', '130671', '保定高新技术产业开发区'),
(13, '河北省', 1306, '保定市', '130672', '保定白沟新城'),
(13, '河北省', 1306, '保定市', '130681', '涿州市'),
(13, '河北省', 1306, '保定市', '130682', '定州市'),
(13, '河北省', 1306, '保定市', '130683', '安国市'),
(13, '河北省', 1306, '保定市', '130684', '高碑店市'),
(13, '河北省', 1307, '张家口市', '130702', '桥东区'),
(13, '河北省', 1307, '张家口市', '130703', '桥西区'),
(13, '河北省', 1307, '张家口市', '130705', '宣化区'),
(13, '河北省', 1307, '张家口市', '130706', '下花园区'),
(13, '河北省', 1307, '张家口市', '130708', '万全区'),
(13, '河北省', 1307, '张家口市', '130709', '崇礼区'),
(13, '河北省', 1307, '张家口市', '130722', '张北县'),
(13, '河北省', 1307, '张家口市', '130723', '康保县'),
(13, '河北省', 1307, '张家口市', '130724', '沽源县'),
(13, '河北省', 1307, '张家口市', '130725', '尚义县'),
(13, '河北省', 1307, '张家口市', '130726', '蔚县'),
(13, '河北省', 1307, '张家口市', '130727', '阳原县'),
(13, '河北省', 1307, '张家口市', '130728', '怀安县'),
(13, '河北省', 1307, '张家口市', '130730', '怀来县'),
(13, '河北省', 1307, '张家口市', '130731', '涿鹿县'),
(13, '河北省', 1307, '张家口市', '130732', '赤城县'),
(13, '河北省', 1307, '张家口市', '130771', '张家口市高新技术产业开发区'),
(13, '河北省', 1307, '张家口市', '130772', '张家口市察北管理区'),
(13, '河北省', 1307, '张家口市', '130773', '张家口市塞北管理区'),
(13, '河北省', 1308, '承德市', '130802', '双桥区'),
(13, '河北省', 1308, '承德市', '130803', '双滦区'),
(13, '河北省', 1308, '承德市', '130804', '鹰手营子矿区'),
(13, '河北省', 1308, '承德市', '130821', '承德县'),
(13, '河北省', 1308, '承德市', '130822', '兴隆县'),
(13, '河北省', 1308, '承德市', '130824', '滦平县'),
(13, '河北省', 1308, '承德市', '130825', '隆化县'),
(13, '河北省', 1308, '承德市', '130826', '丰宁满族自治县'),
(13, '河北省', 1308, '承德市', '130827', '宽城满族自治县'),
(13, '河北省', 1308, '承德市', '130828', '围场满族蒙古族自治县'),
(13, '河北省', 1308, '承德市', '130871', '承德高新技术产业开发区'),
(13, '河北省', 1308, '承德市', '130881', '平泉市'),
(13, '河北省', 1309, '沧州市', '130902', '新华区'),
(13, '河北省', 1309, '沧州市', '130903', '运河区'),
(13, '河北省', 1309, '沧州市', '130921', '沧县'),
(13, '河北省', 1309, '沧州市', '130922', '青县'),
(13, '河北省', 1309, '沧州市', '130923', '东光县'),
(13, '河北省', 1309, '沧州市', '130924', '海兴县'),
(13, '河北省', 1309, '沧州市', '130925', '盐山县'),
(13, '河北省', 1309, '沧州市', '130926', '肃宁县'),
(13, '河北省', 1309, '沧州市', '130927', '南皮县'),
(13, '河北省', 1309, '沧州市', '130928', '吴桥县'),
(13, '河北省', 1309, '沧州市', '130929', '献县'),
(13, '河北省', 1309, '沧州市', '130930', '孟村回族自治县'),
(13, '河北省', 1309, '沧州市', '130971', '河北沧州经济开发区'),
(13, '河北省', 1309, '沧州市', '130972', '沧州高新技术产业开发区'),
(13, '河北省', 1309, '沧州市', '130973', '沧州渤海新区'),
(13, '河北省', 1309, '沧州市', '130981', '泊头市'),
(13, '河北省', 1309, '沧州市', '130982', '任丘市'),
(13, '河北省', 1309, '沧州市', '130983', '黄骅市'),
(13, '河北省', 1309, '沧州市', '130984', '河间市'),
(13, '河北省', 1310, '廊坊市', '131002', '安次区'),
(13, '河北省', 1310, '廊坊市', '131003', '广阳区'),
(13, '河北省', 1310, '廊坊市', '131022', '固安县'),
(13, '河北省', 1310, '廊坊市', '131023', '永清县'),
(13, '河北省', 1310, '廊坊市', '131024', '香河县'),
(13, '河北省', 1310, '廊坊市', '131025', '大城县'),
(13, '河北省', 1310, '廊坊市', '131026', '文安县'),
(13, '河北省', 1310, '廊坊市', '131028', '大厂回族自治县'),
(13, '河北省', 1310, '廊坊市', '131071', '廊坊经济技术开发区'),
(13, '河北省', 1310, '廊坊市', '131081', '霸州市'),
(13, '河北省', 1310, '廊坊市', '131082', '三河市'),
(13, '河北省', 1311, '衡水市', '131102', '桃城区'),
(13, '河北省', 1311, '衡水市', '131103', '冀州区'),
(13, '河北省', 1311, '衡水市', '131121', '枣强县'),
(13, '河北省', 1311, '衡水市', '131122', '武邑县'),
(13, '河北省', 1311, '衡水市', '131123', '武强县'),
(13, '河北省', 1311, '衡水市', '131124', '饶阳县'),
(13, '河北省', 1311, '衡水市', '131125', '安平县'),
(13, '河北省', 1311, '衡水市', '131126', '故城县'),
(13, '河北省', 1311, '衡水市', '131127', '景县'),
(13, '河北省', 1311, '衡水市', '131128', '阜城县'),
(13, '河北省', 1311, '衡水市', '131171', '河北衡水经济开发区'),
(13, '河北省', 1311, '衡水市', '131172', '衡水滨湖新区'),
(13, '河北省', 1311, '衡水市', '131182', '深州市'),
(14, '山西省', 1401, '太原市', '140105', '小店区'),
(14, '山西省', 1401, '太原市', '140106', '迎泽区'),
(14, '山西省', 1401, '太原市', '140107', '杏花岭区'),
(14, '山西省', 1401, '太原市', '140108', '尖草坪区'),
(14, '山西省', 1401, '太原市', '140109', '万柏林区'),
(14, '山西省', 1401, '太原市', '140110', '晋源区'),
(14, '山西省', 1401, '太原市', '140121', '清徐县'),
(14, '山西省', 1401, '太原市', '140122', '阳曲县'),
(14, '山西省', 1401, '太原市', '140123', '娄烦县'),
(14, '山西省', 1401, '太原市', '140171', '山西转型综合改革示范区'),
(14, '山西省', 1401, '太原市', '140181', '古交市'),
(14, '山西省', 1402, '大同市', '140202', '城区'),
(14, '山西省', 1402, '大同市', '140203', '矿区'),
(14, '山西省', 1402, '大同市', '140211', '南郊区'),
(14, '山西省', 1402, '大同市', '140212', '新荣区'),
(14, '山西省', 1402, '大同市', '140221', '阳高县'),
(14, '山西省', 1402, '大同市', '140222', '天镇县'),
(14, '山西省', 1402, '大同市', '140223', '广灵县'),
(14, '山西省', 1402, '大同市', '140224', '灵丘县'),
(14, '山西省', 1402, '大同市', '140225', '浑源县'),
(14, '山西省', 1402, '大同市', '140226', '左云县'),
(14, '山西省', 1402, '大同市', '140227', '大同县'),
(14, '山西省', 1402, '大同市', '140271', '山西大同经济开发区'),
(14, '山西省', 1403, '阳泉市', '140302', '城区'),
(14, '山西省', 1403, '阳泉市', '140303', '矿区'),
(14, '山西省', 1403, '阳泉市', '140311', '郊区'),
(14, '山西省', 1403, '阳泉市', '140321', '平定县'),
(14, '山西省', 1403, '阳泉市', '140322', '盂县'),
(14, '山西省', 1403, '阳泉市', '140371', '山西阳泉经济开发区'),
(14, '山西省', 1404, '长治市', '140402', '城区'),
(14, '山西省', 1404, '长治市', '140411', '郊区'),
(14, '山西省', 1404, '长治市', '140421', '长治县'),
(14, '山西省', 1404, '长治市', '140423', '襄垣县'),
(14, '山西省', 1404, '长治市', '140424', '屯留县'),
(14, '山西省', 1404, '长治市', '140425', '平顺县'),
(14, '山西省', 1404, '长治市', '140426', '黎城县'),
(14, '山西省', 1404, '长治市', '140427', '壶关县'),
(14, '山西省', 1404, '长治市', '140428', '长子县'),
(14, '山西省', 1404, '长治市', '140429', '武乡县'),
(14, '山西省', 1404, '长治市', '140430', '沁县'),
(14, '山西省', 1404, '长治市', '140431', '沁源县'),
(14, '山西省', 1404, '长治市', '140471', '山西长治高新技术产业园区'),
(14, '山西省', 1404, '长治市', '140481', '潞城市'),
(14, '山西省', 1405, '晋城市', '140502', '城区'),
(14, '山西省', 1405, '晋城市', '140521', '沁水县'),
(14, '山西省', 1405, '晋城市', '140522', '阳城县'),
(14, '山西省', 1405, '晋城市', '140524', '陵川县'),
(14, '山西省', 1405, '晋城市', '140525', '泽州县'),
(14, '山西省', 1405, '晋城市', '140581', '高平市'),
(14, '山西省', 1406, '朔州市', '140602', '朔城区'),
(14, '山西省', 1406, '朔州市', '140603', '平鲁区'),
(14, '山西省', 1406, '朔州市', '140621', '山阴县'),
(14, '山西省', 1406, '朔州市', '140622', '应县'),
(14, '山西省', 1406, '朔州市', '140623', '右玉县'),
(14, '山西省', 1406, '朔州市', '140624', '怀仁县'),
(14, '山西省', 1407, '晋中市', '140702', '榆次区'),
(14, '山西省', 1407, '晋中市', '140721', '榆社县'),
(14, '山西省', 1407, '晋中市', '140722', '左权县'),
(14, '山西省', 1407, '晋中市', '140723', '和顺县'),
(14, '山西省', 1407, '晋中市', '140724', '昔阳县'),
(14, '山西省', 1407, '晋中市', '140725', '寿阳县'),
(14, '山西省', 1407, '晋中市', '140726', '太谷县'),
(14, '山西省', 1407, '晋中市', '140727', '祁县'),
(14, '山西省', 1407, '晋中市', '140728', '平遥县'),
(14, '山西省', 1407, '晋中市', '140729', '灵石县'),
(14, '山西省', 1407, '晋中市', '140781', '介休市'),
(14, '山西省', 1408, '运城市', '140802', '盐湖区'),
(14, '山西省', 1408, '运城市', '140821', '临猗县'),
(14, '山西省', 1408, '运城市', '140822', '万荣县'),
(14, '山西省', 1408, '运城市', '140823', '闻喜县'),
(14, '山西省', 1408, '运城市', '140824', '稷山县'),
(14, '山西省', 1408, '运城市', '140825', '新绛县'),
(14, '山西省', 1408, '运城市', '140826', '绛县'),
(14, '山西省', 1408, '运城市', '140827', '垣曲县'),
(14, '山西省', 1408, '运城市', '140828', '夏县'),
(14, '山西省', 1408, '运城市', '140829', '平陆县'),
(14, '山西省', 1408, '运城市', '140830', '芮城县'),
(14, '山西省', 1408, '运城市', '140881', '永济市'),
(14, '山西省', 1408, '运城市', '140882', '河津市'),
(14, '山西省', 1409, '忻州市', '140902', '忻府区'),
(14, '山西省', 1409, '忻州市', '140921', '定襄县'),
(14, '山西省', 1409, '忻州市', '140922', '五台县'),
(14, '山西省', 1409, '忻州市', '140923', '代县'),
(14, '山西省', 1409, '忻州市', '140924', '繁峙县'),
(14, '山西省', 1409, '忻州市', '140925', '宁武县'),
(14, '山西省', 1409, '忻州市', '140926', '静乐县'),
(14, '山西省', 1409, '忻州市', '140927', '神池县'),
(14, '山西省', 1409, '忻州市', '140928', '五寨县'),
(14, '山西省', 1409, '忻州市', '140929', '岢岚县'),
(14, '山西省', 1409, '忻州市', '140930', '河曲县'),
(14, '山西省', 1409, '忻州市', '140931', '保德县'),
(14, '山西省', 1409, '忻州市', '140932', '偏关县'),
(14, '山西省', 1409, '忻州市', '140971', '五台山风景名胜区'),
(14, '山西省', 1409, '忻州市', '140981', '原平市'),
(14, '山西省', 1410, '临汾市', '141002', '尧都区'),
(14, '山西省', 1410, '临汾市', '141021', '曲沃县'),
(14, '山西省', 1410, '临汾市', '141022', '翼城县'),
(14, '山西省', 1410, '临汾市', '141023', '襄汾县'),
(14, '山西省', 1410, '临汾市', '141024', '洪洞县'),
(14, '山西省', 1410, '临汾市', '141025', '古县'),
(14, '山西省', 1410, '临汾市', '141026', '安泽县'),
(14, '山西省', 1410, '临汾市', '141027', '浮山县'),
(14, '山西省', 1410, '临汾市', '141028', '吉县'),
(14, '山西省', 1410, '临汾市', '141029', '乡宁县'),
(14, '山西省', 1410, '临汾市', '141030', '大宁县'),
(14, '山西省', 1410, '临汾市', '141031', '隰县'),
(14, '山西省', 1410, '临汾市', '141032', '永和县'),
(14, '山西省', 1410, '临汾市', '141033', '蒲县'),
(14, '山西省', 1410, '临汾市', '141034', '汾西县'),
(14, '山西省', 1410, '临汾市', '141081', '侯马市'),
(14, '山西省', 1410, '临汾市', '141082', '霍州市'),
(14, '山西省', 1411, '吕梁市', '141102', '离石区'),
(14, '山西省', 1411, '吕梁市', '141121', '文水县'),
(14, '山西省', 1411, '吕梁市', '141122', '交城县'),
(14, '山西省', 1411, '吕梁市', '141123', '兴县'),
(14, '山西省', 1411, '吕梁市', '141124', '临县'),
(14, '山西省', 1411, '吕梁市', '141125', '柳林县'),
(14, '山西省', 1411, '吕梁市', '141126', '石楼县'),
(14, '山西省', 1411, '吕梁市', '141127', '岚县'),
(14, '山西省', 1411, '吕梁市', '141128', '方山县'),
(14, '山西省', 1411, '吕梁市', '141129', '中阳县'),
(14, '山西省', 1411, '吕梁市', '141130', '交口县'),
(14, '山西省', 1411, '吕梁市', '141181', '孝义市'),
(14, '山西省', 1411, '吕梁市', '141182', '汾阳市'),
(15, '内蒙古自治区', 1501, '呼和浩特市', '150102', '新城区'),
(15, '内蒙古自治区', 1501, '呼和浩特市', '150103', '回民区'),
(15, '内蒙古自治区', 1501, '呼和浩特市', '150104', '玉泉区'),
(15, '内蒙古自治区', 1501, '呼和浩特市', '150105', '赛罕区'),
(15, '内蒙古自治区', 1501, '呼和浩特市', '150121', '土默特左旗'),
(15, '内蒙古自治区', 1501, '呼和浩特市', '150122', '托克托县'),
(15, '内蒙古自治区', 1501, '呼和浩特市', '150123', '和林格尔县'),
(15, '内蒙古自治区', 1501, '呼和浩特市', '150124', '清水河县'),
(15, '内蒙古自治区', 1501, '呼和浩特市', '150125', '武川县'),
(15, '内蒙古自治区', 1501, '呼和浩特市', '150171', '呼和浩特金海工业园区'),
(15, '内蒙古自治区', 1501, '呼和浩特市', '150172', '呼和浩特经济技术开发区'),
(15, '内蒙古自治区', 1502, '包头市', '150202', '东河区'),
(15, '内蒙古自治区', 1502, '包头市', '150203', '昆都仑区'),
(15, '内蒙古自治区', 1502, '包头市', '150204', '青山区'),
(15, '内蒙古自治区', 1502, '包头市', '150205', '石拐区'),
(15, '内蒙古自治区', 1502, '包头市', '150206', '白云鄂博矿区'),
(15, '内蒙古自治区', 1502, '包头市', '150207', '九原区'),
(15, '内蒙古自治区', 1502, '包头市', '150221', '土默特右旗'),
(15, '内蒙古自治区', 1502, '包头市', '150222', '固阳县'),
(15, '内蒙古自治区', 1502, '包头市', '150223', '达尔罕茂明安联合旗'),
(15, '内蒙古自治区', 1502, '包头市', '150271', '包头稀土高新技术产业开发区'),
(15, '内蒙古自治区', 1503, '乌海市', '150302', '海勃湾区'),
(15, '内蒙古自治区', 1503, '乌海市', '150303', '海南区'),
(15, '内蒙古自治区', 1503, '乌海市', '150304', '乌达区'),
(15, '内蒙古自治区', 1504, '赤峰市', '150402', '红山区'),
(15, '内蒙古自治区', 1504, '赤峰市', '150403', '元宝山区'),
(15, '内蒙古自治区', 1504, '赤峰市', '150404', '松山区'),
(15, '内蒙古自治区', 1504, '赤峰市', '150421', '阿鲁科尔沁旗'),
(15, '内蒙古自治区', 1504, '赤峰市', '150422', '巴林左旗'),
(15, '内蒙古自治区', 1504, '赤峰市', '150423', '巴林右旗'),
(15, '内蒙古自治区', 1504, '赤峰市', '150424', '林西县'),
(15, '内蒙古自治区', 1504, '赤峰市', '150425', '克什克腾旗'),
(15, '内蒙古自治区', 1504, '赤峰市', '150426', '翁牛特旗'),
(15, '内蒙古自治区', 1504, '赤峰市', '150428', '喀喇沁旗'),
(15, '内蒙古自治区', 1504, '赤峰市', '150429', '宁城县'),
(15, '内蒙古自治区', 1504, '赤峰市', '150430', '敖汉旗'),
(15, '内蒙古自治区', 1505, '通辽市', '150502', '科尔沁区'),
(15, '内蒙古自治区', 1505, '通辽市', '150521', '科尔沁左翼中旗'),
(15, '内蒙古自治区', 1505, '通辽市', '150522', '科尔沁左翼后旗'),
(15, '内蒙古自治区', 1505, '通辽市', '150523', '开鲁县'),
(15, '内蒙古自治区', 1505, '通辽市', '150524', '库伦旗'),
(15, '内蒙古自治区', 1505, '通辽市', '150525', '奈曼旗'),
(15, '内蒙古自治区', 1505, '通辽市', '150526', '扎鲁特旗'),
(15, '内蒙古自治区', 1505, '通辽市', '150571', '通辽经济技术开发区'),
(15, '内蒙古自治区', 1505, '通辽市', '150581', '霍林郭勒市'),
(15, '内蒙古自治区', 1506, '鄂尔多斯市', '150602', '东胜区'),
(15, '内蒙古自治区', 1506, '鄂尔多斯市', '150603', '康巴什区'),
(15, '内蒙古自治区', 1506, '鄂尔多斯市', '150621', '达拉特旗'),
(15, '内蒙古自治区', 1506, '鄂尔多斯市', '150622', '准格尔旗'),
(15, '内蒙古自治区', 1506, '鄂尔多斯市', '150623', '鄂托克前旗'),
(15, '内蒙古自治区', 1506, '鄂尔多斯市', '150624', '鄂托克旗'),
(15, '内蒙古自治区', 1506, '鄂尔多斯市', '150625', '杭锦旗'),
(15, '内蒙古自治区', 1506, '鄂尔多斯市', '150626', '乌审旗'),
(15, '内蒙古自治区', 1506, '鄂尔多斯市', '150627', '伊金霍洛旗'),
(15, '内蒙古自治区', 1507, '呼伦贝尔市', '150702', '海拉尔区'),
(15, '内蒙古自治区', 1507, '呼伦贝尔市', '150703', '扎赉诺尔区'),
(15, '内蒙古自治区', 1507, '呼伦贝尔市', '150721', '阿荣旗'),
(15, '内蒙古自治区', 1507, '呼伦贝尔市', '150722', '莫力达瓦达斡尔族自治旗'),
(15, '内蒙古自治区', 1507, '呼伦贝尔市', '150723', '鄂伦春自治旗'),
(15, '内蒙古自治区', 1507, '呼伦贝尔市', '150724', '鄂温克族自治旗'),
(15, '内蒙古自治区', 1507, '呼伦贝尔市', '150725', '陈巴尔虎旗'),
(15, '内蒙古自治区', 1507, '呼伦贝尔市', '150726', '新巴尔虎左旗'),
(15, '内蒙古自治区', 1507, '呼伦贝尔市', '150727', '新巴尔虎右旗'),
(15, '内蒙古自治区', 1507, '呼伦贝尔市', '150781', '满洲里市'),
(15, '内蒙古自治区', 1507, '呼伦贝尔市', '150782', '牙克石市'),
(15, '内蒙古自治区', 1507, '呼伦贝尔市', '150783', '扎兰屯市'),
(15, '内蒙古自治区', 1507, '呼伦贝尔市', '150784', '额尔古纳市'),
(15, '内蒙古自治区', 1507, '呼伦贝尔市', '150785', '根河市'),
(15, '内蒙古自治区', 1508, '巴彦淖尔市', '150802', '临河区'),
(15, '内蒙古自治区', 1508, '巴彦淖尔市', '150821', '五原县'),
(15, '内蒙古自治区', 1508, '巴彦淖尔市', '150823', '乌拉特前旗'),
(15, '内蒙古自治区', 1508, '巴彦淖尔市', '150824', '乌拉特中旗'),
(15, '内蒙古自治区', 1508, '巴彦淖尔市', '150825', '乌拉特后旗'),
(15, '内蒙古自治区', 1508, '巴彦淖尔市', '150826', '杭锦后旗'),
(15, '内蒙古自治区', 1509, '乌兰察布市', '150902', '集宁区'),
(15, '内蒙古自治区', 1509, '乌兰察布市', '150921', '卓资县'),
(15, '内蒙古自治区', 1509, '乌兰察布市', '150922', '化德县'),
(15, '内蒙古自治区', 1509, '乌兰察布市', '150923', '商都县'),
(15, '内蒙古自治区', 1509, '乌兰察布市', '150924', '兴和县'),
(15, '内蒙古自治区', 1509, '乌兰察布市', '150925', '凉城县'),
(15, '内蒙古自治区', 1509, '乌兰察布市', '150926', '察哈尔右翼前旗'),
(15, '内蒙古自治区', 1509, '乌兰察布市', '150927', '察哈尔右翼中旗'),
(15, '内蒙古自治区', 1509, '乌兰察布市', '150928', '察哈尔右翼后旗'),
(15, '内蒙古自治区', 1509, '乌兰察布市', '150929', '四子王旗'),
(15, '内蒙古自治区', 1509, '乌兰察布市', '150981', '丰镇市'),
(15, '内蒙古自治区', 1522, '兴安盟', '152201', '乌兰浩特市'),
(15, '内蒙古自治区', 1522, '兴安盟', '152202', '阿尔山市'),
(15, '内蒙古自治区', 1522, '兴安盟', '152221', '科尔沁右翼前旗'),
(15, '内蒙古自治区', 1522, '兴安盟', '152222', '科尔沁右翼中旗'),
(15, '内蒙古自治区', 1522, '兴安盟', '152223', '扎赉特旗'),
(15, '内蒙古自治区', 1522, '兴安盟', '152224', '突泉县'),
(15, '内蒙古自治区', 1525, '锡林郭勒盟', '152501', '二连浩特市'),
(15, '内蒙古自治区', 1525, '锡林郭勒盟', '152502', '锡林浩特市'),
(15, '内蒙古自治区', 1525, '锡林郭勒盟', '152522', '阿巴嘎旗'),
(15, '内蒙古自治区', 1525, '锡林郭勒盟', '152523', '苏尼特左旗'),
(15, '内蒙古自治区', 1525, '锡林郭勒盟', '152524', '苏尼特右旗'),
(15, '内蒙古自治区', 1525, '锡林郭勒盟', '152525', '东乌珠穆沁旗'),
(15, '内蒙古自治区', 1525, '锡林郭勒盟', '152526', '西乌珠穆沁旗'),
(15, '内蒙古自治区', 1525, '锡林郭勒盟', '152527', '太仆寺旗'),
(15, '内蒙古自治区', 1525, '锡林郭勒盟', '152528', '镶黄旗'),
(15, '内蒙古自治区', 1525, '锡林郭勒盟', '152529', '正镶白旗'),
(15, '内蒙古自治区', 1525, '锡林郭勒盟', '152530', '正蓝旗'),
(15, '内蒙古自治区', 1525, '锡林郭勒盟', '152531', '多伦县'),
(15, '内蒙古自治区', 1525, '锡林郭勒盟', '152571', '乌拉盖管委会'),
(15, '内蒙古自治区', 1529, '阿拉善盟', '152921', '阿拉善左旗'),
(15, '内蒙古自治区', 1529, '阿拉善盟', '152922', '阿拉善右旗'),
(15, '内蒙古自治区', 1529, '阿拉善盟', '152923', '额济纳旗'),
(15, '内蒙古自治区', 1529, '阿拉善盟', '152971', '内蒙古阿拉善经济开发区'),
(21, '辽宁省', 2101, '沈阳市', '210102', '和平区'),
(21, '辽宁省', 2101, '沈阳市', '210103', '沈河区'),
(21, '辽宁省', 2101, '沈阳市', '210104', '大东区'),
(21, '辽宁省', 2101, '沈阳市', '210105', '皇姑区'),
(21, '辽宁省', 2101, '沈阳市', '210106', '铁西区'),
(21, '辽宁省', 2101, '沈阳市', '210111', '苏家屯区'),
(21, '辽宁省', 2101, '沈阳市', '210112', '浑南区'),
(21, '辽宁省', 2101, '沈阳市', '210113', '沈北新区'),
(21, '辽宁省', 2101, '沈阳市', '210114', '于洪区'),
(21, '辽宁省', 2101, '沈阳市', '210115', '辽中区'),
(21, '辽宁省', 2101, '沈阳市', '210123', '康平县'),
(21, '辽宁省', 2101, '沈阳市', '210124', '法库县'),
(21, '辽宁省', 2101, '沈阳市', '210181', '新民市'),
(21, '辽宁省', 2102, '大连市', '210202', '中山区'),
(21, '辽宁省', 2102, '大连市', '210203', '西岗区'),
(21, '辽宁省', 2102, '大连市', '210204', '沙河口区'),
(21, '辽宁省', 2102, '大连市', '210211', '甘井子区'),
(21, '辽宁省', 2102, '大连市', '210212', '旅顺口区'),
(21, '辽宁省', 2102, '大连市', '210213', '金州区'),
(21, '辽宁省', 2102, '大连市', '210214', '普兰店区'),
(21, '辽宁省', 2102, '大连市', '210224', '长海县'),
(21, '辽宁省', 2102, '大连市', '210281', '瓦房店市'),
(21, '辽宁省', 2102, '大连市', '210283', '庄河市'),
(21, '辽宁省', 2103, '鞍山市', '210302', '铁东区'),
(21, '辽宁省', 2103, '鞍山市', '210303', '铁西区'),
(21, '辽宁省', 2103, '鞍山市', '210304', '立山区'),
(21, '辽宁省', 2103, '鞍山市', '210311', '千山区'),
(21, '辽宁省', 2103, '鞍山市', '210321', '台安县'),
(21, '辽宁省', 2103, '鞍山市', '210323', '岫岩满族自治县'),
(21, '辽宁省', 2103, '鞍山市', '210381', '海城市'),
(21, '辽宁省', 2104, '抚顺市', '210402', '新抚区'),
(21, '辽宁省', 2104, '抚顺市', '210403', '东洲区'),
(21, '辽宁省', 2104, '抚顺市', '210404', '望花区'),
(21, '辽宁省', 2104, '抚顺市', '210411', '顺城区'),
(21, '辽宁省', 2104, '抚顺市', '210421', '抚顺县'),
(21, '辽宁省', 2104, '抚顺市', '210422', '新宾满族自治县'),
(21, '辽宁省', 2104, '抚顺市', '210423', '清原满族自治县'),
(21, '辽宁省', 2105, '本溪市', '210502', '平山区'),
(21, '辽宁省', 2105, '本溪市', '210503', '溪湖区'),
(21, '辽宁省', 2105, '本溪市', '210504', '明山区'),
(21, '辽宁省', 2105, '本溪市', '210505', '南芬区'),
(21, '辽宁省', 2105, '本溪市', '210521', '本溪满族自治县'),
(21, '辽宁省', 2105, '本溪市', '210522', '桓仁满族自治县'),
(21, '辽宁省', 2106, '丹东市', '210602', '元宝区'),
(21, '辽宁省', 2106, '丹东市', '210603', '振兴区'),
(21, '辽宁省', 2106, '丹东市', '210604', '振安区'),
(21, '辽宁省', 2106, '丹东市', '210624', '宽甸满族自治县'),
(21, '辽宁省', 2106, '丹东市', '210681', '东港市'),
(21, '辽宁省', 2106, '丹东市', '210682', '凤城市'),
(21, '辽宁省', 2107, '锦州市', '210702', '古塔区'),
(21, '辽宁省', 2107, '锦州市', '210703', '凌河区'),
(21, '辽宁省', 2107, '锦州市', '210711', '太和区'),
(21, '辽宁省', 2107, '锦州市', '210726', '黑山县'),
(21, '辽宁省', 2107, '锦州市', '210727', '义县'),
(21, '辽宁省', 2107, '锦州市', '210781', '凌海市'),
(21, '辽宁省', 2107, '锦州市', '210782', '北镇市'),
(21, '辽宁省', 2108, '营口市', '210802', '站前区'),
(21, '辽宁省', 2108, '营口市', '210803', '西市区'),
(21, '辽宁省', 2108, '营口市', '210804', '鲅鱼圈区'),
(21, '辽宁省', 2108, '营口市', '210811', '老边区'),
(21, '辽宁省', 2108, '营口市', '210881', '盖州市'),
(21, '辽宁省', 2108, '营口市', '210882', '大石桥市'),
(21, '辽宁省', 2109, '阜新市', '210902', '海州区'),
(21, '辽宁省', 2109, '阜新市', '210903', '新邱区'),
(21, '辽宁省', 2109, '阜新市', '210904', '太平区'),
(21, '辽宁省', 2109, '阜新市', '210905', '清河门区'),
(21, '辽宁省', 2109, '阜新市', '210911', '细河区'),
(21, '辽宁省', 2109, '阜新市', '210921', '阜新蒙古族自治县'),
(21, '辽宁省', 2109, '阜新市', '210922', '彰武县'),
(21, '辽宁省', 2110, '辽阳市', '211002', '白塔区'),
(21, '辽宁省', 2110, '辽阳市', '211003', '文圣区'),
(21, '辽宁省', 2110, '辽阳市', '211004', '宏伟区'),
(21, '辽宁省', 2110, '辽阳市', '211005', '弓长岭区'),
(21, '辽宁省', 2110, '辽阳市', '211011', '太子河区'),
(21, '辽宁省', 2110, '辽阳市', '211021', '辽阳县'),
(21, '辽宁省', 2110, '辽阳市', '211081', '灯塔市'),
(21, '辽宁省', 2111, '盘锦市', '211102', '双台子区'),
(21, '辽宁省', 2111, '盘锦市', '211103', '兴隆台区'),
(21, '辽宁省', 2111, '盘锦市', '211104', '大洼区'),
(21, '辽宁省', 2111, '盘锦市', '211122', '盘山县'),
(21, '辽宁省', 2112, '铁岭市', '211202', '银州区'),
(21, '辽宁省', 2112, '铁岭市', '211204', '清河区'),
(21, '辽宁省', 2112, '铁岭市', '211221', '铁岭县'),
(21, '辽宁省', 2112, '铁岭市', '211223', '西丰县'),
(21, '辽宁省', 2112, '铁岭市', '211224', '昌图县'),
(21, '辽宁省', 2112, '铁岭市', '211281', '调兵山市'),
(21, '辽宁省', 2112, '铁岭市', '211282', '开原市'),
(21, '辽宁省', 2113, '朝阳市', '211302', '双塔区'),
(21, '辽宁省', 2113, '朝阳市', '211303', '龙城区'),
(21, '辽宁省', 2113, '朝阳市', '211321', '朝阳县'),
(21, '辽宁省', 2113, '朝阳市', '211322', '建平县'),
(21, '辽宁省', 2113, '朝阳市', '211324', '喀喇沁左翼蒙古族自治县'),
(21, '辽宁省', 2113, '朝阳市', '211381', '北票市'),
(21, '辽宁省', 2113, '朝阳市', '211382', '凌源市'),
(21, '辽宁省', 2114, '葫芦岛市', '211402', '连山区'),
(21, '辽宁省', 2114, '葫芦岛市', '211403', '龙港区'),
(21, '辽宁省', 2114, '葫芦岛市', '211404', '南票区'),
(21, '辽宁省', 2114, '葫芦岛市', '211421', '绥中县'),
(21, '辽宁省', 2114, '葫芦岛市', '211422', '建昌县'),
(21, '辽宁省', 2114, '葫芦岛市', '211481', '兴城市'),
(22, '吉林省', 2201, '长春市', '220102', '南关区'),
(22, '吉林省', 2201, '长春市', '220103', '宽城区'),
(22, '吉林省', 2201, '长春市', '220104', '朝阳区'),
(22, '吉林省', 2201, '长春市', '220105', '二道区'),
(22, '吉林省', 2201, '长春市', '220106', '绿园区'),
(22, '吉林省', 2201, '长春市', '220112', '双阳区'),
(22, '吉林省', 2201, '长春市', '220113', '九台区'),
(22, '吉林省', 2201, '长春市', '220122', '农安县'),
(22, '吉林省', 2201, '长春市', '220171', '长春经济技术开发区'),
(22, '吉林省', 2201, '长春市', '220172', '长春净月高新技术产业开发区'),
(22, '吉林省', 2201, '长春市', '220173', '长春高新技术产业开发区'),
(22, '吉林省', 2201, '长春市', '220174', '长春汽车经济技术开发区'),
(22, '吉林省', 2201, '长春市', '220182', '榆树市'),
(22, '吉林省', 2201, '长春市', '220183', '德惠市'),
(22, '吉林省', 2202, '吉林市', '220202', '昌邑区'),
(22, '吉林省', 2202, '吉林市', '220203', '龙潭区'),
(22, '吉林省', 2202, '吉林市', '220204', '船营区'),
(22, '吉林省', 2202, '吉林市', '220211', '丰满区'),
(22, '吉林省', 2202, '吉林市', '220221', '永吉县'),
(22, '吉林省', 2202, '吉林市', '220271', '吉林经济开发区'),
(22, '吉林省', 2202, '吉林市', '220272', '吉林高新技术产业开发区'),
(22, '吉林省', 2202, '吉林市', '220273', '吉林中国新加坡食品区'),
(22, '吉林省', 2202, '吉林市', '220281', '蛟河市'),
(22, '吉林省', 2202, '吉林市', '220282', '桦甸市'),
(22, '吉林省', 2202, '吉林市', '220283', '舒兰市'),
(22, '吉林省', 2202, '吉林市', '220284', '磐石市'),
(22, '吉林省', 2203, '四平市', '220302', '铁西区'),
(22, '吉林省', 2203, '四平市', '220303', '铁东区'),
(22, '吉林省', 2203, '四平市', '220322', '梨树县'),
(22, '吉林省', 2203, '四平市', '220323', '伊通满族自治县'),
(22, '吉林省', 2203, '四平市', '220381', '公主岭市'),
(22, '吉林省', 2203, '四平市', '220382', '双辽市'),
(22, '吉林省', 2204, '辽源市', '220402', '龙山区'),
(22, '吉林省', 2204, '辽源市', '220403', '西安区'),
(22, '吉林省', 2204, '辽源市', '220421', '东丰县'),
(22, '吉林省', 2204, '辽源市', '220422', '东辽县'),
(22, '吉林省', 2205, '通化市', '220502', '东昌区'),
(22, '吉林省', 2205, '通化市', '220503', '二道江区'),
(22, '吉林省', 2205, '通化市', '220521', '通化县'),
(22, '吉林省', 2205, '通化市', '220523', '辉南县'),
(22, '吉林省', 2205, '通化市', '220524', '柳河县'),
(22, '吉林省', 2205, '通化市', '220581', '梅河口市'),
(22, '吉林省', 2205, '通化市', '220582', '集安市'),
(22, '吉林省', 2206, '白山市', '220602', '浑江区'),
(22, '吉林省', 2206, '白山市', '220605', '江源区'),
(22, '吉林省', 2206, '白山市', '220621', '抚松县'),
(22, '吉林省', 2206, '白山市', '220622', '靖宇县'),
(22, '吉林省', 2206, '白山市', '220623', '长白朝鲜族自治县'),
(22, '吉林省', 2206, '白山市', '220681', '临江市'),
(22, '吉林省', 2207, '松原市', '220702', '宁江区'),
(22, '吉林省', 2207, '松原市', '220721', '前郭尔罗斯蒙古族自治县'),
(22, '吉林省', 2207, '松原市', '220722', '长岭县'),
(22, '吉林省', 2207, '松原市', '220723', '乾安县'),
(22, '吉林省', 2207, '松原市', '220771', '吉林松原经济开发区'),
(22, '吉林省', 2207, '松原市', '220781', '扶余市'),
(22, '吉林省', 2208, '白城市', '220802', '洮北区'),
(22, '吉林省', 2208, '白城市', '220821', '镇赉县'),
(22, '吉林省', 2208, '白城市', '220822', '通榆县'),
(22, '吉林省', 2208, '白城市', '220871', '吉林白城经济开发区'),
(22, '吉林省', 2208, '白城市', '220881', '洮南市'),
(22, '吉林省', 2208, '白城市', '220882', '大安市'),
(22, '吉林省', 2224, '延边朝鲜族自治州', '222401', '延吉市'),
(22, '吉林省', 2224, '延边朝鲜族自治州', '222402', '图们市'),
(22, '吉林省', 2224, '延边朝鲜族自治州', '222403', '敦化市'),
(22, '吉林省', 2224, '延边朝鲜族自治州', '222404', '珲春市'),
(22, '吉林省', 2224, '延边朝鲜族自治州', '222405', '龙井市'),
(22, '吉林省', 2224, '延边朝鲜族自治州', '222406', '和龙市'),
(22, '吉林省', 2224, '延边朝鲜族自治州', '222424', '汪清县'),
(22, '吉林省', 2224, '延边朝鲜族自治州', '222426', '安图县'),
(23, '黑龙江省', 2301, '哈尔滨市', '230102', '道里区'),
(23, '黑龙江省', 2301, '哈尔滨市', '230103', '南岗区'),
(23, '黑龙江省', 2301, '哈尔滨市', '230104', '道外区'),
(23, '黑龙江省', 2301, '哈尔滨市', '230108', '平房区'),
(23, '黑龙江省', 2301, '哈尔滨市', '230109', '松北区'),
(23, '黑龙江省', 2301, '哈尔滨市', '230110', '香坊区'),
(23, '黑龙江省', 2301, '哈尔滨市', '230111', '呼兰区'),
(23, '黑龙江省', 2301, '哈尔滨市', '230112', '阿城区'),
(23, '黑龙江省', 2301, '哈尔滨市', '230113', '双城区'),
(23, '黑龙江省', 2301, '哈尔滨市', '230123', '依兰县'),
(23, '黑龙江省', 2301, '哈尔滨市', '230124', '方正县'),
(23, '黑龙江省', 2301, '哈尔滨市', '230125', '宾县'),
(23, '黑龙江省', 2301, '哈尔滨市', '230126', '巴彦县'),
(23, '黑龙江省', 2301, '哈尔滨市', '230127', '木兰县'),
(23, '黑龙江省', 2301, '哈尔滨市', '230128', '通河县'),
(23, '黑龙江省', 2301, '哈尔滨市', '230129', '延寿县'),
(23, '黑龙江省', 2301, '哈尔滨市', '230183', '尚志市'),
(23, '黑龙江省', 2301, '哈尔滨市', '230184', '五常市'),
(23, '黑龙江省', 2302, '齐齐哈尔市', '230202', '龙沙区'),
(23, '黑龙江省', 2302, '齐齐哈尔市', '230203', '建华区'),
(23, '黑龙江省', 2302, '齐齐哈尔市', '230204', '铁锋区'),
(23, '黑龙江省', 2302, '齐齐哈尔市', '230205', '昂昂溪区'),
(23, '黑龙江省', 2302, '齐齐哈尔市', '230206', '富拉尔基区'),
(23, '黑龙江省', 2302, '齐齐哈尔市', '230207', '碾子山区'),
(23, '黑龙江省', 2302, '齐齐哈尔市', '230208', '梅里斯达斡尔族区'),
(23, '黑龙江省', 2302, '齐齐哈尔市', '230221', '龙江县'),
(23, '黑龙江省', 2302, '齐齐哈尔市', '230223', '依安县'),
(23, '黑龙江省', 2302, '齐齐哈尔市', '230224', '泰来县'),
(23, '黑龙江省', 2302, '齐齐哈尔市', '230225', '甘南县'),
(23, '黑龙江省', 2302, '齐齐哈尔市', '230227', '富裕县'),
(23, '黑龙江省', 2302, '齐齐哈尔市', '230229', '克山县'),
(23, '黑龙江省', 2302, '齐齐哈尔市', '230230', '克东县'),
(23, '黑龙江省', 2302, '齐齐哈尔市', '230231', '拜泉县'),
(23, '黑龙江省', 2302, '齐齐哈尔市', '230281', '讷河市'),
(23, '黑龙江省', 2303, '鸡西市', '230302', '鸡冠区'),
(23, '黑龙江省', 2303, '鸡西市', '230303', '恒山区'),
(23, '黑龙江省', 2303, '鸡西市', '230304', '滴道区'),
(23, '黑龙江省', 2303, '鸡西市', '230305', '梨树区'),
(23, '黑龙江省', 2303, '鸡西市', '230306', '城子河区'),
(23, '黑龙江省', 2303, '鸡西市', '230307', '麻山区'),
(23, '黑龙江省', 2303, '鸡西市', '230321', '鸡东县'),
(23, '黑龙江省', 2303, '鸡西市', '230381', '虎林市'),
(23, '黑龙江省', 2303, '鸡西市', '230382', '密山市'),
(23, '黑龙江省', 2304, '鹤岗市', '230402', '向阳区'),
(23, '黑龙江省', 2304, '鹤岗市', '230403', '工农区'),
(23, '黑龙江省', 2304, '鹤岗市', '230404', '南山区'),
(23, '黑龙江省', 2304, '鹤岗市', '230405', '兴安区'),
(23, '黑龙江省', 2304, '鹤岗市', '230406', '东山区'),
(23, '黑龙江省', 2304, '鹤岗市', '230407', '兴山区'),
(23, '黑龙江省', 2304, '鹤岗市', '230421', '萝北县'),
(23, '黑龙江省', 2304, '鹤岗市', '230422', '绥滨县'),
(23, '黑龙江省', 2305, '双鸭山市', '230502', '尖山区'),
(23, '黑龙江省', 2305, '双鸭山市', '230503', '岭东区'),
(23, '黑龙江省', 2305, '双鸭山市', '230505', '四方台区'),
(23, '黑龙江省', 2305, '双鸭山市', '230506', '宝山区'),
(23, '黑龙江省', 2305, '双鸭山市', '230521', '集贤县'),
(23, '黑龙江省', 2305, '双鸭山市', '230522', '友谊县'),
(23, '黑龙江省', 2305, '双鸭山市', '230523', '宝清县'),
(23, '黑龙江省', 2305, '双鸭山市', '230524', '饶河县'),
(23, '黑龙江省', 2306, '大庆市', '230602', '萨尔图区'),
(23, '黑龙江省', 2306, '大庆市', '230603', '龙凤区'),
(23, '黑龙江省', 2306, '大庆市', '230604', '让胡路区'),
(23, '黑龙江省', 2306, '大庆市', '230605', '红岗区'),
(23, '黑龙江省', 2306, '大庆市', '230606', '大同区'),
(23, '黑龙江省', 2306, '大庆市', '230621', '肇州县'),
(23, '黑龙江省', 2306, '大庆市', '230622', '肇源县'),
(23, '黑龙江省', 2306, '大庆市', '230623', '林甸县'),
(23, '黑龙江省', 2306, '大庆市', '230624', '杜尔伯特蒙古族自治县'),
(23, '黑龙江省', 2306, '大庆市', '230671', '大庆高新技术产业开发区'),
(23, '黑龙江省', 2307, '伊春市', '230702', '伊春区'),
(23, '黑龙江省', 2307, '伊春市', '230703', '南岔区'),
(23, '黑龙江省', 2307, '伊春市', '230704', '友好区'),
(23, '黑龙江省', 2307, '伊春市', '230705', '西林区'),
(23, '黑龙江省', 2307, '伊春市', '230706', '翠峦区'),
(23, '黑龙江省', 2307, '伊春市', '230707', '新青区'),
(23, '黑龙江省', 2307, '伊春市', '230708', '美溪区'),
(23, '黑龙江省', 2307, '伊春市', '230709', '金山屯区'),
(23, '黑龙江省', 2307, '伊春市', '230710', '五营区'),
(23, '黑龙江省', 2307, '伊春市', '230711', '乌马河区'),
(23, '黑龙江省', 2307, '伊春市', '230712', '汤旺河区'),
(23, '黑龙江省', 2307, '伊春市', '230713', '带岭区'),
(23, '黑龙江省', 2307, '伊春市', '230714', '乌伊岭区'),
(23, '黑龙江省', 2307, '伊春市', '230715', '红星区'),
(23, '黑龙江省', 2307, '伊春市', '230716', '上甘岭区'),
(23, '黑龙江省', 2307, '伊春市', '230722', '嘉荫县'),
(23, '黑龙江省', 2307, '伊春市', '230781', '铁力市'),
(23, '黑龙江省', 2308, '佳木斯市', '230803', '向阳区'),
(23, '黑龙江省', 2308, '佳木斯市', '230804', '前进区'),
(23, '黑龙江省', 2308, '佳木斯市', '230805', '东风区'),
(23, '黑龙江省', 2308, '佳木斯市', '230811', '郊区'),
(23, '黑龙江省', 2308, '佳木斯市', '230822', '桦南县'),
(23, '黑龙江省', 2308, '佳木斯市', '230826', '桦川县'),
(23, '黑龙江省', 2308, '佳木斯市', '230828', '汤原县'),
(23, '黑龙江省', 2308, '佳木斯市', '230881', '同江市'),
(23, '黑龙江省', 2308, '佳木斯市', '230882', '富锦市'),
(23, '黑龙江省', 2308, '佳木斯市', '230883', '抚远市'),
(23, '黑龙江省', 2309, '七台河市', '230902', '新兴区'),
(23, '黑龙江省', 2309, '七台河市', '230903', '桃山区'),
(23, '黑龙江省', 2309, '七台河市', '230904', '茄子河区'),
(23, '黑龙江省', 2309, '七台河市', '230921', '勃利县'),
(23, '黑龙江省', 2310, '牡丹江市', '231002', '东安区'),
(23, '黑龙江省', 2310, '牡丹江市', '231003', '阳明区'),
(23, '黑龙江省', 2310, '牡丹江市', '231004', '爱民区'),
(23, '黑龙江省', 2310, '牡丹江市', '231005', '西安区'),
(23, '黑龙江省', 2310, '牡丹江市', '231025', '林口县'),
(23, '黑龙江省', 2310, '牡丹江市', '231081', '绥芬河市'),
(23, '黑龙江省', 2310, '牡丹江市', '231083', '海林市'),
(23, '黑龙江省', 2310, '牡丹江市', '231084', '宁安市'),
(23, '黑龙江省', 2310, '牡丹江市', '231085', '穆棱市'),
(23, '黑龙江省', 2310, '牡丹江市', '231086', '东宁市'),
(23, '黑龙江省', 2311, '黑河市', '231102', '爱辉区'),
(23, '黑龙江省', 2311, '黑河市', '231121', '嫩江县'),
(23, '黑龙江省', 2311, '黑河市', '231123', '逊克县'),
(23, '黑龙江省', 2311, '黑河市', '231124', '孙吴县'),
(23, '黑龙江省', 2311, '黑河市', '231181', '北安市'),
(23, '黑龙江省', 2311, '黑河市', '231182', '五大连池市'),
(23, '黑龙江省', 2312, '绥化市', '231202', '北林区'),
(23, '黑龙江省', 2312, '绥化市', '231221', '望奎县'),
(23, '黑龙江省', 2312, '绥化市', '231222', '兰西县'),
(23, '黑龙江省', 2312, '绥化市', '231223', '青冈县'),
(23, '黑龙江省', 2312, '绥化市', '231224', '庆安县'),
(23, '黑龙江省', 2312, '绥化市', '231225', '明水县'),
(23, '黑龙江省', 2312, '绥化市', '231226', '绥棱县'),
(23, '黑龙江省', 2312, '绥化市', '231281', '安达市'),
(23, '黑龙江省', 2312, '绥化市', '231282', '肇东市'),
(23, '黑龙江省', 2312, '绥化市', '231283', '海伦市'),
(23, '黑龙江省', 2327, '大兴安岭地区', '232701', '加格达奇区'),
(23, '黑龙江省', 2327, '大兴安岭地区', '232702', '松岭区'),
(23, '黑龙江省', 2327, '大兴安岭地区', '232703', '新林区'),
(23, '黑龙江省', 2327, '大兴安岭地区', '232704', '呼中区'),
(23, '黑龙江省', 2327, '大兴安岭地区', '232721', '呼玛县'),
(23, '黑龙江省', 2327, '大兴安岭地区', '232722', '塔河县'),
(23, '黑龙江省', 2327, '大兴安岭地区', '232723', '漠河县'),
(31, '上海市', 3101, '市辖区', '310101', '黄浦区'),
(31, '上海市', 3101, '市辖区', '310104', '徐汇区'),
(31, '上海市', 3101, '市辖区', '310105', '长宁区'),
(31, '上海市', 3101, '市辖区', '310106', '静安区'),
(31, '上海市', 3101, '市辖区', '310107', '普陀区'),
(31, '上海市', 3101, '市辖区', '310109', '虹口区'),
(31, '上海市', 3101, '市辖区', '310110', '杨浦区'),
(31, '上海市', 3101, '市辖区', '310112', '闵行区'),
(31, '上海市', 3101, '市辖区', '310113', '宝山区'),
(31, '上海市', 3101, '市辖区', '310114', '嘉定区'),
(31, '上海市', 3101, '市辖区', '310115', '浦东新区'),
(31, '上海市', 3101, '市辖区', '310116', '金山区'),
(31, '上海市', 3101, '市辖区', '310117', '松江区'),
(31, '上海市', 3101, '市辖区', '310118', '青浦区'),
(31, '上海市', 3101, '市辖区', '310120', '奉贤区'),
(31, '上海市', 3101, '市辖区', '310151', '崇明区'),
(32, '江苏省', 3201, '南京市', '320102', '玄武区'),
(32, '江苏省', 3201, '南京市', '320104', '秦淮区'),
(32, '江苏省', 3201, '南京市', '320105', '建邺区'),
(32, '江苏省', 3201, '南京市', '320106', '鼓楼区'),
(32, '江苏省', 3201, '南京市', '320111', '浦口区');
INSERT INTO `dict_zone_county` (`province_code`, `province_name`, `city_code`, `city_name`, `county_code`, `county_name`) VALUES
(32, '江苏省', 3201, '南京市', '320113', '栖霞区'),
(32, '江苏省', 3201, '南京市', '320114', '雨花台区'),
(32, '江苏省', 3201, '南京市', '320115', '江宁区'),
(32, '江苏省', 3201, '南京市', '320116', '六合区'),
(32, '江苏省', 3201, '南京市', '320117', '溧水区'),
(32, '江苏省', 3201, '南京市', '320118', '高淳区'),
(32, '江苏省', 3202, '无锡市', '320205', '锡山区'),
(32, '江苏省', 3202, '无锡市', '320206', '惠山区'),
(32, '江苏省', 3202, '无锡市', '320211', '滨湖区'),
(32, '江苏省', 3202, '无锡市', '320213', '梁溪区'),
(32, '江苏省', 3202, '无锡市', '320214', '新吴区'),
(32, '江苏省', 3202, '无锡市', '320281', '江阴市'),
(32, '江苏省', 3203, '徐州市', '320302', '鼓楼区'),
(32, '江苏省', 3203, '徐州市', '320303', '云龙区'),
(32, '江苏省', 3203, '徐州市', '320305', '贾汪区'),
(32, '江苏省', 3203, '徐州市', '320311', '泉山区'),
(32, '江苏省', 3203, '徐州市', '320312', '铜山区'),
(32, '江苏省', 3203, '徐州市', '320321', '丰县'),
(32, '江苏省', 3203, '徐州市', '320322', '沛县'),
(32, '江苏省', 3203, '徐州市', '320324', '睢宁县'),
(32, '江苏省', 3203, '徐州市', '320371', '徐州经济技术开发区'),
(32, '江苏省', 3203, '徐州市', '320381', '新沂市'),
(32, '江苏省', 3203, '徐州市', '320382', '邳州市'),
(32, '江苏省', 3204, '常州市', '320402', '天宁区'),
(32, '江苏省', 3204, '常州市', '320404', '钟楼区'),
(32, '江苏省', 3204, '常州市', '320411', '新北区'),
(32, '江苏省', 3204, '常州市', '320412', '武进区'),
(32, '江苏省', 3204, '常州市', '320413', '金坛区'),
(32, '江苏省', 3204, '常州市', '320481', '溧阳市'),
(32, '江苏省', 3205, '苏州市', '320505', '虎丘区'),
(32, '江苏省', 3205, '苏州市', '320506', '吴中区'),
(32, '江苏省', 3205, '苏州市', '320507', '相城区'),
(32, '江苏省', 3205, '苏州市', '320508', '姑苏区'),
(32, '江苏省', 3205, '苏州市', '320509', '吴江区'),
(32, '江苏省', 3205, '苏州市', '320571', '苏州工业园区'),
(32, '江苏省', 3205, '苏州市', '320581', '常熟市'),
(32, '江苏省', 3205, '苏州市', '320582', '张家港市'),
(32, '江苏省', 3205, '苏州市', '320583', '昆山市'),
(32, '江苏省', 3205, '苏州市', '320585', '太仓市'),
(32, '江苏省', 3206, '南通市', '320602', '崇川区'),
(32, '江苏省', 3206, '南通市', '320611', '港闸区'),
(32, '江苏省', 3206, '南通市', '320612', '通州区'),
(32, '江苏省', 3206, '南通市', '320621', '海安县'),
(32, '江苏省', 3206, '南通市', '320623', '如东县'),
(32, '江苏省', 3206, '南通市', '320671', '南通经济技术开发区'),
(32, '江苏省', 3206, '南通市', '320681', '启东市'),
(32, '江苏省', 3206, '南通市', '320682', '如皋市'),
(32, '江苏省', 3206, '南通市', '320684', '海门市'),
(32, '江苏省', 3207, '连云港市', '320703', '连云区'),
(32, '江苏省', 3207, '连云港市', '320706', '海州区'),
(32, '江苏省', 3207, '连云港市', '320707', '赣榆区'),
(32, '江苏省', 3207, '连云港市', '320722', '东海县'),
(32, '江苏省', 3207, '连云港市', '320723', '灌云县'),
(32, '江苏省', 3207, '连云港市', '320724', '灌南县'),
(32, '江苏省', 3207, '连云港市', '320771', '连云港经济技术开发区'),
(32, '江苏省', 3207, '连云港市', '320772', '连云港高新技术产业开发区'),
(32, '江苏省', 3208, '淮安市', '320803', '淮安区'),
(32, '江苏省', 3208, '淮安市', '320804', '淮阴区'),
(32, '江苏省', 3208, '淮安市', '320812', '清江浦区'),
(32, '江苏省', 3208, '淮安市', '320813', '洪泽区'),
(32, '江苏省', 3208, '淮安市', '320826', '涟水县'),
(32, '江苏省', 3208, '淮安市', '320830', '盱眙县'),
(32, '江苏省', 3208, '淮安市', '320831', '金湖县'),
(32, '江苏省', 3208, '淮安市', '320871', '淮安经济技术开发区'),
(32, '江苏省', 3209, '盐城市', '320902', '亭湖区'),
(32, '江苏省', 3209, '盐城市', '320903', '盐都区'),
(32, '江苏省', 3209, '盐城市', '320904', '大丰区'),
(32, '江苏省', 3209, '盐城市', '320921', '响水县'),
(32, '江苏省', 3209, '盐城市', '320922', '滨海县'),
(32, '江苏省', 3209, '盐城市', '320923', '阜宁县'),
(32, '江苏省', 3209, '盐城市', '320924', '射阳县'),
(32, '江苏省', 3209, '盐城市', '320925', '建湖县'),
(32, '江苏省', 3209, '盐城市', '320971', '盐城经济技术开发区'),
(32, '江苏省', 3209, '盐城市', '320981', '东台市'),
(32, '江苏省', 3210, '扬州市', '321002', '广陵区'),
(32, '江苏省', 3210, '扬州市', '321003', '邗江区'),
(32, '江苏省', 3210, '扬州市', '321012', '江都区'),
(32, '江苏省', 3210, '扬州市', '321023', '宝应县'),
(32, '江苏省', 3210, '扬州市', '321071', '扬州经济技术开发区'),
(32, '江苏省', 3210, '扬州市', '321081', '仪征市'),
(32, '江苏省', 3210, '扬州市', '321084', '高邮市'),
(32, '江苏省', 3211, '镇江市', '321102', '京口区'),
(32, '江苏省', 3211, '镇江市', '321111', '润州区'),
(32, '江苏省', 3211, '镇江市', '321112', '丹徒区'),
(32, '江苏省', 3211, '镇江市', '321171', '镇江新区'),
(32, '江苏省', 3211, '镇江市', '321181', '丹阳市'),
(32, '江苏省', 3211, '镇江市', '321182', '扬中市'),
(32, '江苏省', 3211, '镇江市', '321183', '句容市'),
(32, '江苏省', 3212, '泰州市', '321202', '海陵区'),
(32, '江苏省', 3212, '泰州市', '321203', '高港区'),
(32, '江苏省', 3212, '泰州市', '321204', '姜堰区'),
(32, '江苏省', 3212, '泰州市', '321271', '泰州医药高新技术产业开发区'),
(32, '江苏省', 3212, '泰州市', '321281', '兴化市'),
(32, '江苏省', 3212, '泰州市', '321282', '靖江市'),
(32, '江苏省', 3212, '泰州市', '321283', '泰兴市'),
(32, '江苏省', 3213, '宿迁市', '321302', '宿城区'),
(32, '江苏省', 3213, '宿迁市', '321311', '宿豫区'),
(32, '江苏省', 3213, '宿迁市', '321322', '沭阳县'),
(32, '江苏省', 3213, '宿迁市', '321323', '泗阳县'),
(32, '江苏省', 3213, '宿迁市', '321324', '泗洪县'),
(32, '江苏省', 3213, '宿迁市', '321371', '宿迁经济技术开发区'),
(33, '浙江省', 3301, '杭州市', '330102', '上城区'),
(33, '浙江省', 3301, '杭州市', '330103', '下城区'),
(33, '浙江省', 3301, '杭州市', '330104', '江干区'),
(33, '浙江省', 3301, '杭州市', '330105', '拱墅区'),
(33, '浙江省', 3301, '杭州市', '330106', '西湖区'),
(33, '浙江省', 3301, '杭州市', '330108', '滨江区'),
(33, '浙江省', 3301, '杭州市', '330109', '萧山区'),
(33, '浙江省', 3301, '杭州市', '330110', '余杭区'),
(33, '浙江省', 3301, '杭州市', '330111', '富阳区'),
(33, '浙江省', 3301, '杭州市', '330112', '临安区'),
(33, '浙江省', 3301, '杭州市', '330122', '桐庐县'),
(33, '浙江省', 3301, '杭州市', '330127', '淳安县'),
(33, '浙江省', 3301, '杭州市', '330182', '建德市'),
(33, '浙江省', 3302, '宁波市', '330203', '海曙区'),
(33, '浙江省', 3302, '宁波市', '330205', '江北区'),
(33, '浙江省', 3302, '宁波市', '330206', '北仑区'),
(33, '浙江省', 3302, '宁波市', '330211', '镇海区'),
(33, '浙江省', 3302, '宁波市', '330212', '鄞州区'),
(33, '浙江省', 3302, '宁波市', '330213', '奉化区'),
(33, '浙江省', 3302, '宁波市', '330225', '象山县'),
(33, '浙江省', 3302, '宁波市', '330226', '宁海县'),
(33, '浙江省', 3302, '宁波市', '330281', '余姚市'),
(33, '浙江省', 3302, '宁波市', '330282', '慈溪市'),
(33, '浙江省', 3303, '温州市', '330302', '鹿城区'),
(33, '浙江省', 3303, '温州市', '330303', '龙湾区'),
(33, '浙江省', 3303, '温州市', '330304', '瓯海区'),
(33, '浙江省', 3303, '温州市', '330305', '洞头区'),
(33, '浙江省', 3303, '温州市', '330324', '永嘉县'),
(33, '浙江省', 3303, '温州市', '330326', '平阳县'),
(33, '浙江省', 3303, '温州市', '330327', '苍南县'),
(33, '浙江省', 3303, '温州市', '330328', '文成县'),
(33, '浙江省', 3303, '温州市', '330329', '泰顺县'),
(33, '浙江省', 3303, '温州市', '330371', '温州经济技术开发区'),
(33, '浙江省', 3303, '温州市', '330381', '瑞安市'),
(33, '浙江省', 3303, '温州市', '330382', '乐清市'),
(33, '浙江省', 3304, '嘉兴市', '330402', '南湖区'),
(33, '浙江省', 3304, '嘉兴市', '330411', '秀洲区'),
(33, '浙江省', 3304, '嘉兴市', '330421', '嘉善县'),
(33, '浙江省', 3304, '嘉兴市', '330424', '海盐县'),
(33, '浙江省', 3304, '嘉兴市', '330481', '海宁市'),
(33, '浙江省', 3304, '嘉兴市', '330482', '平湖市'),
(33, '浙江省', 3304, '嘉兴市', '330483', '桐乡市'),
(33, '浙江省', 3305, '湖州市', '330502', '吴兴区'),
(33, '浙江省', 3305, '湖州市', '330503', '南浔区'),
(33, '浙江省', 3305, '湖州市', '330521', '德清县'),
(33, '浙江省', 3305, '湖州市', '330522', '长兴县'),
(33, '浙江省', 3305, '湖州市', '330523', '安吉县'),
(33, '浙江省', 3306, '绍兴市', '330602', '越城区'),
(33, '浙江省', 3306, '绍兴市', '330603', '柯桥区'),
(33, '浙江省', 3306, '绍兴市', '330604', '上虞区'),
(33, '浙江省', 3306, '绍兴市', '330624', '新昌县'),
(33, '浙江省', 3306, '绍兴市', '330681', '诸暨市'),
(33, '浙江省', 3306, '绍兴市', '330683', '嵊州市'),
(33, '浙江省', 3307, '金华市', '330702', '婺城区'),
(33, '浙江省', 3307, '金华市', '330703', '金东区'),
(33, '浙江省', 3307, '金华市', '330723', '武义县'),
(33, '浙江省', 3307, '金华市', '330726', '浦江县'),
(33, '浙江省', 3307, '金华市', '330727', '磐安县'),
(33, '浙江省', 3307, '金华市', '330781', '兰溪市'),
(33, '浙江省', 3307, '金华市', '330782', '义乌市'),
(33, '浙江省', 3307, '金华市', '330783', '东阳市'),
(33, '浙江省', 3307, '金华市', '330784', '永康市'),
(33, '浙江省', 3308, '衢州市', '330802', '柯城区'),
(33, '浙江省', 3308, '衢州市', '330803', '衢江区'),
(33, '浙江省', 3308, '衢州市', '330822', '常山县'),
(33, '浙江省', 3308, '衢州市', '330824', '开化县'),
(33, '浙江省', 3308, '衢州市', '330825', '龙游县'),
(33, '浙江省', 3308, '衢州市', '330881', '江山市'),
(33, '浙江省', 3309, '舟山市', '330902', '定海区'),
(33, '浙江省', 3309, '舟山市', '330903', '普陀区'),
(33, '浙江省', 3309, '舟山市', '330921', '岱山县'),
(33, '浙江省', 3309, '舟山市', '330922', '嵊泗县'),
(33, '浙江省', 3310, '台州市', '331002', '椒江区'),
(33, '浙江省', 3310, '台州市', '331003', '黄岩区'),
(33, '浙江省', 3310, '台州市', '331004', '路桥区'),
(33, '浙江省', 3310, '台州市', '331022', '三门县'),
(33, '浙江省', 3310, '台州市', '331023', '天台县'),
(33, '浙江省', 3310, '台州市', '331024', '仙居县'),
(33, '浙江省', 3310, '台州市', '331081', '温岭市'),
(33, '浙江省', 3310, '台州市', '331082', '临海市'),
(33, '浙江省', 3310, '台州市', '331083', '玉环市'),
(33, '浙江省', 3311, '丽水市', '331102', '莲都区'),
(33, '浙江省', 3311, '丽水市', '331121', '青田县'),
(33, '浙江省', 3311, '丽水市', '331122', '缙云县'),
(33, '浙江省', 3311, '丽水市', '331123', '遂昌县'),
(33, '浙江省', 3311, '丽水市', '331124', '松阳县'),
(33, '浙江省', 3311, '丽水市', '331125', '云和县'),
(33, '浙江省', 3311, '丽水市', '331126', '庆元县'),
(33, '浙江省', 3311, '丽水市', '331127', '景宁畲族自治县'),
(33, '浙江省', 3311, '丽水市', '331181', '龙泉市'),
(34, '安徽省', 3401, '合肥市', '340102', '瑶海区'),
(34, '安徽省', 3401, '合肥市', '340103', '庐阳区'),
(34, '安徽省', 3401, '合肥市', '340104', '蜀山区'),
(34, '安徽省', 3401, '合肥市', '340111', '包河区'),
(34, '安徽省', 3401, '合肥市', '340121', '长丰县'),
(34, '安徽省', 3401, '合肥市', '340122', '肥东县'),
(34, '安徽省', 3401, '合肥市', '340123', '肥西县'),
(34, '安徽省', 3401, '合肥市', '340124', '庐江县'),
(34, '安徽省', 3401, '合肥市', '340171', '合肥高新技术产业开发区'),
(34, '安徽省', 3401, '合肥市', '340172', '合肥经济技术开发区'),
(34, '安徽省', 3401, '合肥市', '340173', '合肥新站高新技术产业开发区'),
(34, '安徽省', 3401, '合肥市', '340181', '巢湖市'),
(34, '安徽省', 3402, '芜湖市', '340202', '镜湖区'),
(34, '安徽省', 3402, '芜湖市', '340203', '弋江区'),
(34, '安徽省', 3402, '芜湖市', '340207', '鸠江区'),
(34, '安徽省', 3402, '芜湖市', '340208', '三山区'),
(34, '安徽省', 3402, '芜湖市', '340221', '芜湖县'),
(34, '安徽省', 3402, '芜湖市', '340222', '繁昌县'),
(34, '安徽省', 3402, '芜湖市', '340223', '南陵县'),
(34, '安徽省', 3402, '芜湖市', '340225', '无为县'),
(34, '安徽省', 3402, '芜湖市', '340271', '芜湖经济技术开发区'),
(34, '安徽省', 3402, '芜湖市', '340272', '安徽芜湖长江大桥经济开发区'),
(34, '安徽省', 3403, '蚌埠市', '340302', '龙子湖区'),
(34, '安徽省', 3403, '蚌埠市', '340303', '蚌山区'),
(34, '安徽省', 3403, '蚌埠市', '340304', '禹会区'),
(34, '安徽省', 3403, '蚌埠市', '340311', '淮上区'),
(34, '安徽省', 3403, '蚌埠市', '340321', '怀远县'),
(34, '安徽省', 3403, '蚌埠市', '340322', '五河县'),
(34, '安徽省', 3403, '蚌埠市', '340323', '固镇县'),
(34, '安徽省', 3403, '蚌埠市', '340371', '蚌埠市高新技术开发区'),
(34, '安徽省', 3403, '蚌埠市', '340372', '蚌埠市经济开发区'),
(34, '安徽省', 3404, '淮南市', '340402', '大通区'),
(34, '安徽省', 3404, '淮南市', '340403', '田家庵区'),
(34, '安徽省', 3404, '淮南市', '340404', '谢家集区'),
(34, '安徽省', 3404, '淮南市', '340405', '八公山区'),
(34, '安徽省', 3404, '淮南市', '340406', '潘集区'),
(34, '安徽省', 3404, '淮南市', '340421', '凤台县'),
(34, '安徽省', 3404, '淮南市', '340422', '寿县'),
(34, '安徽省', 3405, '马鞍山市', '340503', '花山区'),
(34, '安徽省', 3405, '马鞍山市', '340504', '雨山区'),
(34, '安徽省', 3405, '马鞍山市', '340506', '博望区'),
(34, '安徽省', 3405, '马鞍山市', '340521', '当涂县'),
(34, '安徽省', 3405, '马鞍山市', '340522', '含山县'),
(34, '安徽省', 3405, '马鞍山市', '340523', '和县'),
(34, '安徽省', 3406, '淮北市', '340602', '杜集区'),
(34, '安徽省', 3406, '淮北市', '340603', '相山区'),
(34, '安徽省', 3406, '淮北市', '340604', '烈山区'),
(34, '安徽省', 3406, '淮北市', '340621', '濉溪县'),
(34, '安徽省', 3407, '铜陵市', '340705', '铜官区'),
(34, '安徽省', 3407, '铜陵市', '340706', '义安区'),
(34, '安徽省', 3407, '铜陵市', '340711', '郊区'),
(34, '安徽省', 3407, '铜陵市', '340722', '枞阳县'),
(34, '安徽省', 3408, '安庆市', '340802', '迎江区'),
(34, '安徽省', 3408, '安庆市', '340803', '大观区'),
(34, '安徽省', 3408, '安庆市', '340811', '宜秀区'),
(34, '安徽省', 3408, '安庆市', '340822', '怀宁县'),
(34, '安徽省', 3408, '安庆市', '340824', '潜山县'),
(34, '安徽省', 3408, '安庆市', '340825', '太湖县'),
(34, '安徽省', 3408, '安庆市', '340826', '宿松县'),
(34, '安徽省', 3408, '安庆市', '340827', '望江县'),
(34, '安徽省', 3408, '安庆市', '340828', '岳西县'),
(34, '安徽省', 3408, '安庆市', '340871', '安徽安庆经济开发区'),
(34, '安徽省', 3408, '安庆市', '340881', '桐城市'),
(34, '安徽省', 3410, '黄山市', '341002', '屯溪区'),
(34, '安徽省', 3410, '黄山市', '341003', '黄山区'),
(34, '安徽省', 3410, '黄山市', '341004', '徽州区'),
(34, '安徽省', 3410, '黄山市', '341021', '歙县'),
(34, '安徽省', 3410, '黄山市', '341022', '休宁县'),
(34, '安徽省', 3410, '黄山市', '341023', '黟县'),
(34, '安徽省', 3410, '黄山市', '341024', '祁门县'),
(34, '安徽省', 3411, '滁州市', '341102', '琅琊区'),
(34, '安徽省', 3411, '滁州市', '341103', '南谯区'),
(34, '安徽省', 3411, '滁州市', '341122', '来安县'),
(34, '安徽省', 3411, '滁州市', '341124', '全椒县'),
(34, '安徽省', 3411, '滁州市', '341125', '定远县'),
(34, '安徽省', 3411, '滁州市', '341126', '凤阳县'),
(34, '安徽省', 3411, '滁州市', '341171', '苏滁现代产业园'),
(34, '安徽省', 3411, '滁州市', '341172', '滁州经济技术开发区'),
(34, '安徽省', 3411, '滁州市', '341181', '天长市'),
(34, '安徽省', 3411, '滁州市', '341182', '明光市'),
(34, '安徽省', 3412, '阜阳市', '341202', '颍州区'),
(34, '安徽省', 3412, '阜阳市', '341203', '颍东区'),
(34, '安徽省', 3412, '阜阳市', '341204', '颍泉区'),
(34, '安徽省', 3412, '阜阳市', '341221', '临泉县'),
(34, '安徽省', 3412, '阜阳市', '341222', '太和县'),
(34, '安徽省', 3412, '阜阳市', '341225', '阜南县'),
(34, '安徽省', 3412, '阜阳市', '341226', '颍上县'),
(34, '安徽省', 3412, '阜阳市', '341271', '阜阳合肥现代产业园区'),
(34, '安徽省', 3412, '阜阳市', '341272', '阜阳经济技术开发区'),
(34, '安徽省', 3412, '阜阳市', '341282', '界首市'),
(34, '安徽省', 3413, '宿州市', '341302', '埇桥区'),
(34, '安徽省', 3413, '宿州市', '341321', '砀山县'),
(34, '安徽省', 3413, '宿州市', '341322', '萧县'),
(34, '安徽省', 3413, '宿州市', '341323', '灵璧县'),
(34, '安徽省', 3413, '宿州市', '341324', '泗县'),
(34, '安徽省', 3413, '宿州市', '341371', '宿州马鞍山现代产业园区'),
(34, '安徽省', 3413, '宿州市', '341372', '宿州经济技术开发区'),
(34, '安徽省', 3415, '六安市', '341502', '金安区'),
(34, '安徽省', 3415, '六安市', '341503', '裕安区'),
(34, '安徽省', 3415, '六安市', '341504', '叶集区'),
(34, '安徽省', 3415, '六安市', '341522', '霍邱县'),
(34, '安徽省', 3415, '六安市', '341523', '舒城县'),
(34, '安徽省', 3415, '六安市', '341524', '金寨县'),
(34, '安徽省', 3415, '六安市', '341525', '霍山县'),
(34, '安徽省', 3416, '亳州市', '341602', '谯城区'),
(34, '安徽省', 3416, '亳州市', '341621', '涡阳县'),
(34, '安徽省', 3416, '亳州市', '341622', '蒙城县'),
(34, '安徽省', 3416, '亳州市', '341623', '利辛县'),
(34, '安徽省', 3417, '池州市', '341702', '贵池区'),
(34, '安徽省', 3417, '池州市', '341721', '东至县'),
(34, '安徽省', 3417, '池州市', '341722', '石台县'),
(34, '安徽省', 3417, '池州市', '341723', '青阳县'),
(34, '安徽省', 3418, '宣城市', '341802', '宣州区'),
(34, '安徽省', 3418, '宣城市', '341821', '郎溪县'),
(34, '安徽省', 3418, '宣城市', '341822', '广德县'),
(34, '安徽省', 3418, '宣城市', '341823', '泾县'),
(34, '安徽省', 3418, '宣城市', '341824', '绩溪县'),
(34, '安徽省', 3418, '宣城市', '341825', '旌德县'),
(34, '安徽省', 3418, '宣城市', '341871', '宣城市经济开发区'),
(34, '安徽省', 3418, '宣城市', '341881', '宁国市'),
(35, '福建省', 3501, '福州市', '350102', '鼓楼区'),
(35, '福建省', 3501, '福州市', '350103', '台江区'),
(35, '福建省', 3501, '福州市', '350104', '仓山区'),
(35, '福建省', 3501, '福州市', '350105', '马尾区'),
(35, '福建省', 3501, '福州市', '350111', '晋安区'),
(35, '福建省', 3501, '福州市', '350121', '闽侯县'),
(35, '福建省', 3501, '福州市', '350122', '连江县'),
(35, '福建省', 3501, '福州市', '350123', '罗源县'),
(35, '福建省', 3501, '福州市', '350124', '闽清县'),
(35, '福建省', 3501, '福州市', '350125', '永泰县'),
(35, '福建省', 3501, '福州市', '350128', '平潭县'),
(35, '福建省', 3501, '福州市', '350181', '福清市'),
(35, '福建省', 3501, '福州市', '350182', '长乐市'),
(35, '福建省', 3502, '厦门市', '350203', '思明区'),
(35, '福建省', 3502, '厦门市', '350205', '海沧区'),
(35, '福建省', 3502, '厦门市', '350206', '湖里区'),
(35, '福建省', 3502, '厦门市', '350211', '集美区'),
(35, '福建省', 3502, '厦门市', '350212', '同安区'),
(35, '福建省', 3502, '厦门市', '350213', '翔安区'),
(35, '福建省', 3503, '莆田市', '350302', '城厢区'),
(35, '福建省', 3503, '莆田市', '350303', '涵江区'),
(35, '福建省', 3503, '莆田市', '350304', '荔城区'),
(35, '福建省', 3503, '莆田市', '350305', '秀屿区'),
(35, '福建省', 3503, '莆田市', '350322', '仙游县'),
(35, '福建省', 3504, '三明市', '350402', '梅列区'),
(35, '福建省', 3504, '三明市', '350403', '三元区'),
(35, '福建省', 3504, '三明市', '350421', '明溪县'),
(35, '福建省', 3504, '三明市', '350423', '清流县'),
(35, '福建省', 3504, '三明市', '350424', '宁化县'),
(35, '福建省', 3504, '三明市', '350425', '大田县'),
(35, '福建省', 3504, '三明市', '350426', '尤溪县'),
(35, '福建省', 3504, '三明市', '350427', '沙县'),
(35, '福建省', 3504, '三明市', '350428', '将乐县'),
(35, '福建省', 3504, '三明市', '350429', '泰宁县'),
(35, '福建省', 3504, '三明市', '350430', '建宁县'),
(35, '福建省', 3504, '三明市', '350481', '永安市'),
(35, '福建省', 3505, '泉州市', '350502', '鲤城区'),
(35, '福建省', 3505, '泉州市', '350503', '丰泽区'),
(35, '福建省', 3505, '泉州市', '350504', '洛江区'),
(35, '福建省', 3505, '泉州市', '350505', '泉港区'),
(35, '福建省', 3505, '泉州市', '350521', '惠安县'),
(35, '福建省', 3505, '泉州市', '350524', '安溪县'),
(35, '福建省', 3505, '泉州市', '350525', '永春县'),
(35, '福建省', 3505, '泉州市', '350526', '德化县'),
(35, '福建省', 3505, '泉州市', '350581', '石狮市'),
(35, '福建省', 3505, '泉州市', '350582', '晋江市'),
(35, '福建省', 3505, '泉州市', '350583', '南安市'),
(35, '福建省', 3506, '漳州市', '350602', '芗城区'),
(35, '福建省', 3506, '漳州市', '350603', '龙文区'),
(35, '福建省', 3506, '漳州市', '350622', '云霄县'),
(35, '福建省', 3506, '漳州市', '350623', '漳浦县'),
(35, '福建省', 3506, '漳州市', '350624', '诏安县'),
(35, '福建省', 3506, '漳州市', '350625', '长泰县'),
(35, '福建省', 3506, '漳州市', '350626', '东山县'),
(35, '福建省', 3506, '漳州市', '350627', '南靖县'),
(35, '福建省', 3506, '漳州市', '350628', '平和县'),
(35, '福建省', 3506, '漳州市', '350629', '华安县'),
(35, '福建省', 3506, '漳州市', '350681', '龙海市'),
(35, '福建省', 3507, '南平市', '350702', '延平区'),
(35, '福建省', 3507, '南平市', '350703', '建阳区'),
(35, '福建省', 3507, '南平市', '350721', '顺昌县'),
(35, '福建省', 3507, '南平市', '350722', '浦城县'),
(35, '福建省', 3507, '南平市', '350723', '光泽县'),
(35, '福建省', 3507, '南平市', '350724', '松溪县'),
(35, '福建省', 3507, '南平市', '350725', '政和县'),
(35, '福建省', 3507, '南平市', '350781', '邵武市'),
(35, '福建省', 3507, '南平市', '350782', '武夷山市'),
(35, '福建省', 3507, '南平市', '350783', '建瓯市'),
(35, '福建省', 3508, '龙岩市', '350802', '新罗区'),
(35, '福建省', 3508, '龙岩市', '350803', '永定区'),
(35, '福建省', 3508, '龙岩市', '350821', '长汀县'),
(35, '福建省', 3508, '龙岩市', '350823', '上杭县'),
(35, '福建省', 3508, '龙岩市', '350824', '武平县'),
(35, '福建省', 3508, '龙岩市', '350825', '连城县'),
(35, '福建省', 3508, '龙岩市', '350881', '漳平市'),
(35, '福建省', 3509, '宁德市', '350902', '蕉城区'),
(35, '福建省', 3509, '宁德市', '350921', '霞浦县'),
(35, '福建省', 3509, '宁德市', '350922', '古田县'),
(35, '福建省', 3509, '宁德市', '350923', '屏南县'),
(35, '福建省', 3509, '宁德市', '350924', '寿宁县'),
(35, '福建省', 3509, '宁德市', '350925', '周宁县'),
(35, '福建省', 3509, '宁德市', '350926', '柘荣县'),
(35, '福建省', 3509, '宁德市', '350981', '福安市'),
(35, '福建省', 3509, '宁德市', '350982', '福鼎市'),
(36, '江西省', 3601, '南昌市', '360102', '东湖区'),
(36, '江西省', 3601, '南昌市', '360103', '西湖区'),
(36, '江西省', 3601, '南昌市', '360104', '青云谱区'),
(36, '江西省', 3601, '南昌市', '360105', '湾里区'),
(36, '江西省', 3601, '南昌市', '360111', '青山湖区'),
(36, '江西省', 3601, '南昌市', '360112', '新建区'),
(36, '江西省', 3601, '南昌市', '360121', '南昌县'),
(36, '江西省', 3601, '南昌市', '360123', '安义县'),
(36, '江西省', 3601, '南昌市', '360124', '进贤县'),
(36, '江西省', 3602, '景德镇市', '360202', '昌江区'),
(36, '江西省', 3602, '景德镇市', '360203', '珠山区'),
(36, '江西省', 3602, '景德镇市', '360222', '浮梁县'),
(36, '江西省', 3602, '景德镇市', '360281', '乐平市'),
(36, '江西省', 3603, '萍乡市', '360302', '安源区'),
(36, '江西省', 3603, '萍乡市', '360313', '湘东区'),
(36, '江西省', 3603, '萍乡市', '360321', '莲花县'),
(36, '江西省', 3603, '萍乡市', '360322', '上栗县'),
(36, '江西省', 3603, '萍乡市', '360323', '芦溪县'),
(36, '江西省', 3604, '九江市', '360402', '濂溪区'),
(36, '江西省', 3604, '九江市', '360403', '浔阳区'),
(36, '江西省', 3604, '九江市', '360404', '柴桑区'),
(36, '江西省', 3604, '九江市', '360423', '武宁县'),
(36, '江西省', 3604, '九江市', '360424', '修水县'),
(36, '江西省', 3604, '九江市', '360425', '永修县'),
(36, '江西省', 3604, '九江市', '360426', '德安县'),
(36, '江西省', 3604, '九江市', '360428', '都昌县'),
(36, '江西省', 3604, '九江市', '360429', '湖口县'),
(36, '江西省', 3604, '九江市', '360430', '彭泽县'),
(36, '江西省', 3604, '九江市', '360481', '瑞昌市'),
(36, '江西省', 3604, '九江市', '360482', '共青城市'),
(36, '江西省', 3604, '九江市', '360483', '庐山市'),
(36, '江西省', 3605, '新余市', '360502', '渝水区'),
(36, '江西省', 3605, '新余市', '360521', '分宜县'),
(36, '江西省', 3606, '鹰潭市', '360602', '月湖区'),
(36, '江西省', 3606, '鹰潭市', '360622', '余江县'),
(36, '江西省', 3606, '鹰潭市', '360681', '贵溪市'),
(36, '江西省', 3607, '赣州市', '360702', '章贡区'),
(36, '江西省', 3607, '赣州市', '360703', '南康区'),
(36, '江西省', 3607, '赣州市', '360704', '赣县区'),
(36, '江西省', 3607, '赣州市', '360722', '信丰县'),
(36, '江西省', 3607, '赣州市', '360723', '大余县'),
(36, '江西省', 3607, '赣州市', '360724', '上犹县'),
(36, '江西省', 3607, '赣州市', '360725', '崇义县'),
(36, '江西省', 3607, '赣州市', '360726', '安远县'),
(36, '江西省', 3607, '赣州市', '360727', '龙南县'),
(36, '江西省', 3607, '赣州市', '360728', '定南县'),
(36, '江西省', 3607, '赣州市', '360729', '全南县'),
(36, '江西省', 3607, '赣州市', '360730', '宁都县'),
(36, '江西省', 3607, '赣州市', '360731', '于都县'),
(36, '江西省', 3607, '赣州市', '360732', '兴国县'),
(36, '江西省', 3607, '赣州市', '360733', '会昌县'),
(36, '江西省', 3607, '赣州市', '360734', '寻乌县'),
(36, '江西省', 3607, '赣州市', '360735', '石城县'),
(36, '江西省', 3607, '赣州市', '360781', '瑞金市'),
(36, '江西省', 3608, '吉安市', '360802', '吉州区'),
(36, '江西省', 3608, '吉安市', '360803', '青原区'),
(36, '江西省', 3608, '吉安市', '360821', '吉安县'),
(36, '江西省', 3608, '吉安市', '360822', '吉水县'),
(36, '江西省', 3608, '吉安市', '360823', '峡江县'),
(36, '江西省', 3608, '吉安市', '360824', '新干县'),
(36, '江西省', 3608, '吉安市', '360825', '永丰县'),
(36, '江西省', 3608, '吉安市', '360826', '泰和县'),
(36, '江西省', 3608, '吉安市', '360827', '遂川县'),
(36, '江西省', 3608, '吉安市', '360828', '万安县'),
(36, '江西省', 3608, '吉安市', '360829', '安福县'),
(36, '江西省', 3608, '吉安市', '360830', '永新县'),
(36, '江西省', 3608, '吉安市', '360881', '井冈山市'),
(36, '江西省', 3609, '宜春市', '360902', '袁州区'),
(36, '江西省', 3609, '宜春市', '360921', '奉新县'),
(36, '江西省', 3609, '宜春市', '360922', '万载县'),
(36, '江西省', 3609, '宜春市', '360923', '上高县'),
(36, '江西省', 3609, '宜春市', '360924', '宜丰县'),
(36, '江西省', 3609, '宜春市', '360925', '靖安县'),
(36, '江西省', 3609, '宜春市', '360926', '铜鼓县'),
(36, '江西省', 3609, '宜春市', '360981', '丰城市'),
(36, '江西省', 3609, '宜春市', '360982', '樟树市'),
(36, '江西省', 3609, '宜春市', '360983', '高安市'),
(36, '江西省', 3610, '抚州市', '361002', '临川区'),
(36, '江西省', 3610, '抚州市', '361003', '东乡区'),
(36, '江西省', 3610, '抚州市', '361021', '南城县'),
(36, '江西省', 3610, '抚州市', '361022', '黎川县'),
(36, '江西省', 3610, '抚州市', '361023', '南丰县'),
(36, '江西省', 3610, '抚州市', '361024', '崇仁县'),
(36, '江西省', 3610, '抚州市', '361025', '乐安县'),
(36, '江西省', 3610, '抚州市', '361026', '宜黄县'),
(36, '江西省', 3610, '抚州市', '361027', '金溪县'),
(36, '江西省', 3610, '抚州市', '361028', '资溪县'),
(36, '江西省', 3610, '抚州市', '361030', '广昌县'),
(36, '江西省', 3611, '上饶市', '361102', '信州区'),
(36, '江西省', 3611, '上饶市', '361103', '广丰区'),
(36, '江西省', 3611, '上饶市', '361121', '上饶县'),
(36, '江西省', 3611, '上饶市', '361123', '玉山县'),
(36, '江西省', 3611, '上饶市', '361124', '铅山县'),
(36, '江西省', 3611, '上饶市', '361125', '横峰县'),
(36, '江西省', 3611, '上饶市', '361126', '弋阳县'),
(36, '江西省', 3611, '上饶市', '361127', '余干县'),
(36, '江西省', 3611, '上饶市', '361128', '鄱阳县'),
(36, '江西省', 3611, '上饶市', '361129', '万年县'),
(36, '江西省', 3611, '上饶市', '361130', '婺源县'),
(36, '江西省', 3611, '上饶市', '361181', '德兴市'),
(37, '山东省', 3701, '济南市', '370102', '历下区'),
(37, '山东省', 3701, '济南市', '370103', '市中区'),
(37, '山东省', 3701, '济南市', '370104', '槐荫区'),
(37, '山东省', 3701, '济南市', '370105', '天桥区'),
(37, '山东省', 3701, '济南市', '370112', '历城区'),
(37, '山东省', 3701, '济南市', '370113', '长清区'),
(37, '山东省', 3701, '济南市', '370114', '章丘区'),
(37, '山东省', 3701, '济南市', '370124', '平阴县'),
(37, '山东省', 3701, '济南市', '370125', '济阳县'),
(37, '山东省', 3701, '济南市', '370126', '商河县'),
(37, '山东省', 3701, '济南市', '370171', '济南高新技术产业开发区'),
(37, '山东省', 3702, '青岛市', '370202', '市南区'),
(37, '山东省', 3702, '青岛市', '370203', '市北区'),
(37, '山东省', 3702, '青岛市', '370211', '黄岛区'),
(37, '山东省', 3702, '青岛市', '370212', '崂山区'),
(37, '山东省', 3702, '青岛市', '370213', '李沧区'),
(37, '山东省', 3702, '青岛市', '370214', '城阳区'),
(37, '山东省', 3702, '青岛市', '370215', '即墨区'),
(37, '山东省', 3702, '青岛市', '370271', '青岛高新技术产业开发区'),
(37, '山东省', 3702, '青岛市', '370281', '胶州市'),
(37, '山东省', 3702, '青岛市', '370283', '平度市'),
(37, '山东省', 3702, '青岛市', '370285', '莱西市'),
(37, '山东省', 3703, '淄博市', '370302', '淄川区'),
(37, '山东省', 3703, '淄博市', '370303', '张店区'),
(37, '山东省', 3703, '淄博市', '370304', '博山区'),
(37, '山东省', 3703, '淄博市', '370305', '临淄区'),
(37, '山东省', 3703, '淄博市', '370306', '周村区'),
(37, '山东省', 3703, '淄博市', '370321', '桓台县'),
(37, '山东省', 3703, '淄博市', '370322', '高青县'),
(37, '山东省', 3703, '淄博市', '370323', '沂源县'),
(37, '山东省', 3704, '枣庄市', '370402', '市中区'),
(37, '山东省', 3704, '枣庄市', '370403', '薛城区'),
(37, '山东省', 3704, '枣庄市', '370404', '峄城区'),
(37, '山东省', 3704, '枣庄市', '370405', '台儿庄区'),
(37, '山东省', 3704, '枣庄市', '370406', '山亭区'),
(37, '山东省', 3704, '枣庄市', '370481', '滕州市'),
(37, '山东省', 3705, '东营市', '370502', '东营区'),
(37, '山东省', 3705, '东营市', '370503', '河口区'),
(37, '山东省', 3705, '东营市', '370505', '垦利区'),
(37, '山东省', 3705, '东营市', '370522', '利津县'),
(37, '山东省', 3705, '东营市', '370523', '广饶县'),
(37, '山东省', 3705, '东营市', '370571', '东营经济技术开发区'),
(37, '山东省', 3705, '东营市', '370572', '东营港经济开发区'),
(37, '山东省', 3706, '烟台市', '370602', '芝罘区'),
(37, '山东省', 3706, '烟台市', '370611', '福山区'),
(37, '山东省', 3706, '烟台市', '370612', '牟平区'),
(37, '山东省', 3706, '烟台市', '370613', '莱山区'),
(37, '山东省', 3706, '烟台市', '370634', '长岛县'),
(37, '山东省', 3706, '烟台市', '370671', '烟台高新技术产业开发区'),
(37, '山东省', 3706, '烟台市', '370672', '烟台经济技术开发区'),
(37, '山东省', 3706, '烟台市', '370681', '龙口市'),
(37, '山东省', 3706, '烟台市', '370682', '莱阳市'),
(37, '山东省', 3706, '烟台市', '370683', '莱州市'),
(37, '山东省', 3706, '烟台市', '370684', '蓬莱市'),
(37, '山东省', 3706, '烟台市', '370685', '招远市'),
(37, '山东省', 3706, '烟台市', '370686', '栖霞市'),
(37, '山东省', 3706, '烟台市', '370687', '海阳市'),
(37, '山东省', 3707, '潍坊市', '370702', '潍城区'),
(37, '山东省', 3707, '潍坊市', '370703', '寒亭区'),
(37, '山东省', 3707, '潍坊市', '370704', '坊子区'),
(37, '山东省', 3707, '潍坊市', '370705', '奎文区'),
(37, '山东省', 3707, '潍坊市', '370724', '临朐县'),
(37, '山东省', 3707, '潍坊市', '370725', '昌乐县'),
(37, '山东省', 3707, '潍坊市', '370772', '潍坊滨海经济技术开发区'),
(37, '山东省', 3707, '潍坊市', '370781', '青州市'),
(37, '山东省', 3707, '潍坊市', '370782', '诸城市'),
(37, '山东省', 3707, '潍坊市', '370783', '寿光市'),
(37, '山东省', 3707, '潍坊市', '370784', '安丘市'),
(37, '山东省', 3707, '潍坊市', '370785', '高密市'),
(37, '山东省', 3707, '潍坊市', '370786', '昌邑市'),
(37, '山东省', 3708, '济宁市', '370811', '任城区'),
(37, '山东省', 3708, '济宁市', '370812', '兖州区'),
(37, '山东省', 3708, '济宁市', '370826', '微山县'),
(37, '山东省', 3708, '济宁市', '370827', '鱼台县'),
(37, '山东省', 3708, '济宁市', '370828', '金乡县'),
(37, '山东省', 3708, '济宁市', '370829', '嘉祥县'),
(37, '山东省', 3708, '济宁市', '370830', '汶上县'),
(37, '山东省', 3708, '济宁市', '370831', '泗水县'),
(37, '山东省', 3708, '济宁市', '370832', '梁山县'),
(37, '山东省', 3708, '济宁市', '370871', '济宁高新技术产业开发区'),
(37, '山东省', 3708, '济宁市', '370881', '曲阜市'),
(37, '山东省', 3708, '济宁市', '370883', '邹城市'),
(37, '山东省', 3709, '泰安市', '370902', '泰山区'),
(37, '山东省', 3709, '泰安市', '370911', '岱岳区'),
(37, '山东省', 3709, '泰安市', '370921', '宁阳县'),
(37, '山东省', 3709, '泰安市', '370923', '东平县'),
(37, '山东省', 3709, '泰安市', '370982', '新泰市'),
(37, '山东省', 3709, '泰安市', '370983', '肥城市'),
(37, '山东省', 3710, '威海市', '371002', '环翠区'),
(37, '山东省', 3710, '威海市', '371003', '文登区'),
(37, '山东省', 3710, '威海市', '371071', '威海火炬高技术产业开发区'),
(37, '山东省', 3710, '威海市', '371072', '威海经济技术开发区'),
(37, '山东省', 3710, '威海市', '371073', '威海临港经济技术开发区'),
(37, '山东省', 3710, '威海市', '371082', '荣成市'),
(37, '山东省', 3710, '威海市', '371083', '乳山市'),
(37, '山东省', 3711, '日照市', '371102', '东港区'),
(37, '山东省', 3711, '日照市', '371103', '岚山区'),
(37, '山东省', 3711, '日照市', '371121', '五莲县'),
(37, '山东省', 3711, '日照市', '371122', '莒县'),
(37, '山东省', 3711, '日照市', '371171', '日照经济技术开发区'),
(37, '山东省', 3711, '日照市', '371172', '日照国际海洋城'),
(37, '山东省', 3712, '莱芜市', '371202', '莱城区'),
(37, '山东省', 3712, '莱芜市', '371203', '钢城区'),
(37, '山东省', 3713, '临沂市', '371302', '兰山区'),
(37, '山东省', 3713, '临沂市', '371311', '罗庄区'),
(37, '山东省', 3713, '临沂市', '371312', '河东区'),
(37, '山东省', 3713, '临沂市', '371321', '沂南县'),
(37, '山东省', 3713, '临沂市', '371322', '郯城县'),
(37, '山东省', 3713, '临沂市', '371323', '沂水县'),
(37, '山东省', 3713, '临沂市', '371324', '兰陵县'),
(37, '山东省', 3713, '临沂市', '371325', '费县'),
(37, '山东省', 3713, '临沂市', '371326', '平邑县'),
(37, '山东省', 3713, '临沂市', '371327', '莒南县'),
(37, '山东省', 3713, '临沂市', '371328', '蒙阴县'),
(37, '山东省', 3713, '临沂市', '371329', '临沭县'),
(37, '山东省', 3713, '临沂市', '371371', '临沂高新技术产业开发区'),
(37, '山东省', 3713, '临沂市', '371372', '临沂经济技术开发区'),
(37, '山东省', 3713, '临沂市', '371373', '临沂临港经济开发区'),
(37, '山东省', 3714, '德州市', '371402', '德城区'),
(37, '山东省', 3714, '德州市', '371403', '陵城区'),
(37, '山东省', 3714, '德州市', '371422', '宁津县'),
(37, '山东省', 3714, '德州市', '371423', '庆云县'),
(37, '山东省', 3714, '德州市', '371424', '临邑县'),
(37, '山东省', 3714, '德州市', '371425', '齐河县'),
(37, '山东省', 3714, '德州市', '371426', '平原县'),
(37, '山东省', 3714, '德州市', '371427', '夏津县'),
(37, '山东省', 3714, '德州市', '371428', '武城县'),
(37, '山东省', 3714, '德州市', '371471', '德州经济技术开发区'),
(37, '山东省', 3714, '德州市', '371472', '德州运河经济开发区'),
(37, '山东省', 3714, '德州市', '371481', '乐陵市'),
(37, '山东省', 3714, '德州市', '371482', '禹城市'),
(37, '山东省', 3715, '聊城市', '371502', '东昌府区'),
(37, '山东省', 3715, '聊城市', '371521', '阳谷县'),
(37, '山东省', 3715, '聊城市', '371522', '莘县'),
(37, '山东省', 3715, '聊城市', '371523', '茌平县'),
(37, '山东省', 3715, '聊城市', '371524', '东阿县'),
(37, '山东省', 3715, '聊城市', '371525', '冠县'),
(37, '山东省', 3715, '聊城市', '371526', '高唐县'),
(37, '山东省', 3715, '聊城市', '371581', '临清市'),
(37, '山东省', 3716, '滨州市', '371602', '滨城区'),
(37, '山东省', 3716, '滨州市', '371603', '沾化区'),
(37, '山东省', 3716, '滨州市', '371621', '惠民县'),
(37, '山东省', 3716, '滨州市', '371622', '阳信县'),
(37, '山东省', 3716, '滨州市', '371623', '无棣县'),
(37, '山东省', 3716, '滨州市', '371625', '博兴县'),
(37, '山东省', 3716, '滨州市', '371626', '邹平县'),
(37, '山东省', 3717, '菏泽市', '371702', '牡丹区'),
(37, '山东省', 3717, '菏泽市', '371703', '定陶区'),
(37, '山东省', 3717, '菏泽市', '371721', '曹县'),
(37, '山东省', 3717, '菏泽市', '371722', '单县'),
(37, '山东省', 3717, '菏泽市', '371723', '成武县'),
(37, '山东省', 3717, '菏泽市', '371724', '巨野县'),
(37, '山东省', 3717, '菏泽市', '371725', '郓城县'),
(37, '山东省', 3717, '菏泽市', '371726', '鄄城县'),
(37, '山东省', 3717, '菏泽市', '371728', '东明县'),
(37, '山东省', 3717, '菏泽市', '371771', '菏泽经济技术开发区'),
(37, '山东省', 3717, '菏泽市', '371772', '菏泽高新技术开发区'),
(41, '河南省', 4101, '郑州市', '410102', '中原区'),
(41, '河南省', 4101, '郑州市', '410103', '二七区'),
(41, '河南省', 4101, '郑州市', '410104', '管城回族区'),
(41, '河南省', 4101, '郑州市', '410105', '金水区'),
(41, '河南省', 4101, '郑州市', '410106', '上街区'),
(41, '河南省', 4101, '郑州市', '410108', '惠济区'),
(41, '河南省', 4101, '郑州市', '410122', '中牟县'),
(41, '河南省', 4101, '郑州市', '410171', '郑州经济技术开发区'),
(41, '河南省', 4101, '郑州市', '410172', '郑州高新技术产业开发区'),
(41, '河南省', 4101, '郑州市', '410173', '郑州航空港经济综合实验区'),
(41, '河南省', 4101, '郑州市', '410181', '巩义市'),
(41, '河南省', 4101, '郑州市', '410182', '荥阳市'),
(41, '河南省', 4101, '郑州市', '410183', '新密市'),
(41, '河南省', 4101, '郑州市', '410184', '新郑市'),
(41, '河南省', 4101, '郑州市', '410185', '登封市'),
(41, '河南省', 4102, '开封市', '410202', '龙亭区'),
(41, '河南省', 4102, '开封市', '410203', '顺河回族区'),
(41, '河南省', 4102, '开封市', '410204', '鼓楼区'),
(41, '河南省', 4102, '开封市', '410205', '禹王台区'),
(41, '河南省', 4102, '开封市', '410212', '祥符区'),
(41, '河南省', 4102, '开封市', '410221', '杞县'),
(41, '河南省', 4102, '开封市', '410222', '通许县'),
(41, '河南省', 4102, '开封市', '410223', '尉氏县'),
(41, '河南省', 4102, '开封市', '410225', '兰考县'),
(41, '河南省', 4103, '洛阳市', '410302', '老城区'),
(41, '河南省', 4103, '洛阳市', '410303', '西工区'),
(41, '河南省', 4103, '洛阳市', '410304', '瀍河回族区'),
(41, '河南省', 4103, '洛阳市', '410305', '涧西区'),
(41, '河南省', 4103, '洛阳市', '410306', '吉利区'),
(41, '河南省', 4103, '洛阳市', '410311', '洛龙区'),
(41, '河南省', 4103, '洛阳市', '410322', '孟津县'),
(41, '河南省', 4103, '洛阳市', '410323', '新安县'),
(41, '河南省', 4103, '洛阳市', '410324', '栾川县'),
(41, '河南省', 4103, '洛阳市', '410325', '嵩县'),
(41, '河南省', 4103, '洛阳市', '410326', '汝阳县'),
(41, '河南省', 4103, '洛阳市', '410327', '宜阳县'),
(41, '河南省', 4103, '洛阳市', '410328', '洛宁县'),
(41, '河南省', 4103, '洛阳市', '410329', '伊川县'),
(41, '河南省', 4103, '洛阳市', '410371', '洛阳高新技术产业开发区'),
(41, '河南省', 4103, '洛阳市', '410381', '偃师市'),
(41, '河南省', 4104, '平顶山市', '410402', '新华区'),
(41, '河南省', 4104, '平顶山市', '410403', '卫东区'),
(41, '河南省', 4104, '平顶山市', '410404', '石龙区'),
(41, '河南省', 4104, '平顶山市', '410411', '湛河区'),
(41, '河南省', 4104, '平顶山市', '410421', '宝丰县'),
(41, '河南省', 4104, '平顶山市', '410422', '叶县'),
(41, '河南省', 4104, '平顶山市', '410423', '鲁山县'),
(41, '河南省', 4104, '平顶山市', '410425', '郏县'),
(41, '河南省', 4104, '平顶山市', '410471', '平顶山高新技术产业开发区'),
(41, '河南省', 4104, '平顶山市', '410472', '平顶山市新城区'),
(41, '河南省', 4104, '平顶山市', '410481', '舞钢市'),
(41, '河南省', 4104, '平顶山市', '410482', '汝州市'),
(41, '河南省', 4105, '安阳市', '410502', '文峰区'),
(41, '河南省', 4105, '安阳市', '410503', '北关区'),
(41, '河南省', 4105, '安阳市', '410505', '殷都区'),
(41, '河南省', 4105, '安阳市', '410506', '龙安区'),
(41, '河南省', 4105, '安阳市', '410522', '安阳县'),
(41, '河南省', 4105, '安阳市', '410523', '汤阴县'),
(41, '河南省', 4105, '安阳市', '410526', '滑县'),
(41, '河南省', 4105, '安阳市', '410527', '内黄县'),
(41, '河南省', 4105, '安阳市', '410571', '安阳高新技术产业开发区'),
(41, '河南省', 4105, '安阳市', '410581', '林州市'),
(41, '河南省', 4106, '鹤壁市', '410602', '鹤山区'),
(41, '河南省', 4106, '鹤壁市', '410603', '山城区'),
(41, '河南省', 4106, '鹤壁市', '410611', '淇滨区'),
(41, '河南省', 4106, '鹤壁市', '410621', '浚县'),
(41, '河南省', 4106, '鹤壁市', '410622', '淇县'),
(41, '河南省', 4106, '鹤壁市', '410671', '鹤壁经济技术开发区'),
(41, '河南省', 4107, '新乡市', '410702', '红旗区'),
(41, '河南省', 4107, '新乡市', '410703', '卫滨区'),
(41, '河南省', 4107, '新乡市', '410704', '凤泉区'),
(41, '河南省', 4107, '新乡市', '410711', '牧野区'),
(41, '河南省', 4107, '新乡市', '410721', '新乡县'),
(41, '河南省', 4107, '新乡市', '410724', '获嘉县'),
(41, '河南省', 4107, '新乡市', '410725', '原阳县'),
(41, '河南省', 4107, '新乡市', '410726', '延津县'),
(41, '河南省', 4107, '新乡市', '410727', '封丘县'),
(41, '河南省', 4107, '新乡市', '410728', '长垣县'),
(41, '河南省', 4107, '新乡市', '410771', '新乡高新技术产业开发区'),
(41, '河南省', 4107, '新乡市', '410772', '新乡经济技术开发区'),
(41, '河南省', 4107, '新乡市', '410773', '新乡市平原城乡一体化示范区'),
(41, '河南省', 4107, '新乡市', '410781', '卫辉市'),
(41, '河南省', 4107, '新乡市', '410782', '辉县市'),
(41, '河南省', 4108, '焦作市', '410802', '解放区'),
(41, '河南省', 4108, '焦作市', '410803', '中站区'),
(41, '河南省', 4108, '焦作市', '410804', '马村区'),
(41, '河南省', 4108, '焦作市', '410811', '山阳区'),
(41, '河南省', 4108, '焦作市', '410821', '修武县'),
(41, '河南省', 4108, '焦作市', '410822', '博爱县'),
(41, '河南省', 4108, '焦作市', '410823', '武陟县'),
(41, '河南省', 4108, '焦作市', '410825', '温县'),
(41, '河南省', 4108, '焦作市', '410871', '焦作城乡一体化示范区'),
(41, '河南省', 4108, '焦作市', '410882', '沁阳市'),
(41, '河南省', 4108, '焦作市', '410883', '孟州市'),
(41, '河南省', 4109, '濮阳市', '410902', '华龙区'),
(41, '河南省', 4109, '濮阳市', '410922', '清丰县'),
(41, '河南省', 4109, '濮阳市', '410923', '南乐县'),
(41, '河南省', 4109, '濮阳市', '410926', '范县'),
(41, '河南省', 4109, '濮阳市', '410927', '台前县'),
(41, '河南省', 4109, '濮阳市', '410928', '濮阳县'),
(41, '河南省', 4109, '濮阳市', '410971', '河南濮阳工业园区'),
(41, '河南省', 4109, '濮阳市', '410972', '濮阳经济技术开发区'),
(41, '河南省', 4110, '许昌市', '411002', '魏都区'),
(41, '河南省', 4110, '许昌市', '411003', '建安区'),
(41, '河南省', 4110, '许昌市', '411024', '鄢陵县'),
(41, '河南省', 4110, '许昌市', '411025', '襄城县'),
(41, '河南省', 4110, '许昌市', '411071', '许昌经济技术开发区'),
(41, '河南省', 4110, '许昌市', '411081', '禹州市'),
(41, '河南省', 4110, '许昌市', '411082', '长葛市'),
(41, '河南省', 4111, '漯河市', '411102', '源汇区'),
(41, '河南省', 4111, '漯河市', '411103', '郾城区'),
(41, '河南省', 4111, '漯河市', '411104', '召陵区'),
(41, '河南省', 4111, '漯河市', '411121', '舞阳县'),
(41, '河南省', 4111, '漯河市', '411122', '临颍县'),
(41, '河南省', 4111, '漯河市', '411171', '漯河经济技术开发区'),
(41, '河南省', 4112, '三门峡市', '411202', '湖滨区'),
(41, '河南省', 4112, '三门峡市', '411203', '陕州区'),
(41, '河南省', 4112, '三门峡市', '411221', '渑池县'),
(41, '河南省', 4112, '三门峡市', '411224', '卢氏县'),
(41, '河南省', 4112, '三门峡市', '411271', '河南三门峡经济开发区'),
(41, '河南省', 4112, '三门峡市', '411281', '义马市'),
(41, '河南省', 4112, '三门峡市', '411282', '灵宝市'),
(41, '河南省', 4113, '南阳市', '411302', '宛城区'),
(41, '河南省', 4113, '南阳市', '411303', '卧龙区'),
(41, '河南省', 4113, '南阳市', '411321', '南召县'),
(41, '河南省', 4113, '南阳市', '411322', '方城县'),
(41, '河南省', 4113, '南阳市', '411323', '西峡县'),
(41, '河南省', 4113, '南阳市', '411324', '镇平县'),
(41, '河南省', 4113, '南阳市', '411325', '内乡县'),
(41, '河南省', 4113, '南阳市', '411326', '淅川县'),
(41, '河南省', 4113, '南阳市', '411327', '社旗县'),
(41, '河南省', 4113, '南阳市', '411328', '唐河县'),
(41, '河南省', 4113, '南阳市', '411329', '新野县'),
(41, '河南省', 4113, '南阳市', '411330', '桐柏县'),
(41, '河南省', 4113, '南阳市', '411371', '南阳高新技术产业开发区'),
(41, '河南省', 4113, '南阳市', '411372', '南阳市城乡一体化示范区'),
(41, '河南省', 4113, '南阳市', '411381', '邓州市'),
(41, '河南省', 4114, '商丘市', '411402', '梁园区'),
(41, '河南省', 4114, '商丘市', '411403', '睢阳区'),
(41, '河南省', 4114, '商丘市', '411421', '民权县'),
(41, '河南省', 4114, '商丘市', '411422', '睢县'),
(41, '河南省', 4114, '商丘市', '411423', '宁陵县'),
(41, '河南省', 4114, '商丘市', '411424', '柘城县'),
(41, '河南省', 4114, '商丘市', '411425', '虞城县'),
(41, '河南省', 4114, '商丘市', '411426', '夏邑县'),
(41, '河南省', 4114, '商丘市', '411471', '豫东综合物流产业聚集区'),
(41, '河南省', 4114, '商丘市', '411472', '河南商丘经济开发区'),
(41, '河南省', 4114, '商丘市', '411481', '永城市'),
(41, '河南省', 4115, '信阳市', '411502', '浉河区'),
(41, '河南省', 4115, '信阳市', '411503', '平桥区'),
(41, '河南省', 4115, '信阳市', '411521', '罗山县'),
(41, '河南省', 4115, '信阳市', '411522', '光山县'),
(41, '河南省', 4115, '信阳市', '411523', '新县'),
(41, '河南省', 4115, '信阳市', '411524', '商城县'),
(41, '河南省', 4115, '信阳市', '411525', '固始县'),
(41, '河南省', 4115, '信阳市', '411526', '潢川县'),
(41, '河南省', 4115, '信阳市', '411527', '淮滨县'),
(41, '河南省', 4115, '信阳市', '411528', '息县'),
(41, '河南省', 4115, '信阳市', '411571', '信阳高新技术产业开发区'),
(41, '河南省', 4116, '周口市', '411602', '川汇区'),
(41, '河南省', 4116, '周口市', '411621', '扶沟县'),
(41, '河南省', 4116, '周口市', '411622', '西华县'),
(41, '河南省', 4116, '周口市', '411623', '商水县'),
(41, '河南省', 4116, '周口市', '411624', '沈丘县'),
(41, '河南省', 4116, '周口市', '411625', '郸城县'),
(41, '河南省', 4116, '周口市', '411626', '淮阳县'),
(41, '河南省', 4116, '周口市', '411627', '太康县'),
(41, '河南省', 4116, '周口市', '411628', '鹿邑县');
INSERT INTO `dict_zone_county` (`province_code`, `province_name`, `city_code`, `city_name`, `county_code`, `county_name`) VALUES
(41, '河南省', 4116, '周口市', '411671', '河南周口经济开发区'),
(41, '河南省', 4116, '周口市', '411681', '项城市'),
(41, '河南省', 4117, '驻马店市', '411702', '驿城区'),
(41, '河南省', 4117, '驻马店市', '411721', '西平县'),
(41, '河南省', 4117, '驻马店市', '411722', '上蔡县'),
(41, '河南省', 4117, '驻马店市', '411723', '平舆县'),
(41, '河南省', 4117, '驻马店市', '411724', '正阳县'),
(41, '河南省', 4117, '驻马店市', '411725', '确山县'),
(41, '河南省', 4117, '驻马店市', '411726', '泌阳县'),
(41, '河南省', 4117, '驻马店市', '411727', '汝南县'),
(41, '河南省', 4117, '驻马店市', '411728', '遂平县'),
(41, '河南省', 4117, '驻马店市', '411729', '新蔡县'),
(41, '河南省', 4117, '驻马店市', '411771', '河南驻马店经济开发区'),
(41, '河南省', 4190, '省直辖县级行政区划', '419001', '济源市'),
(42, '湖北省', 4201, '武汉市', '420102', '江岸区'),
(42, '湖北省', 4201, '武汉市', '420103', '江汉区'),
(42, '湖北省', 4201, '武汉市', '420104', '硚口区'),
(42, '湖北省', 4201, '武汉市', '420105', '汉阳区'),
(42, '湖北省', 4201, '武汉市', '420106', '武昌区'),
(42, '湖北省', 4201, '武汉市', '420107', '青山区'),
(42, '湖北省', 4201, '武汉市', '420111', '洪山区'),
(42, '湖北省', 4201, '武汉市', '420112', '东西湖区'),
(42, '湖北省', 4201, '武汉市', '420113', '汉南区'),
(42, '湖北省', 4201, '武汉市', '420115', '江夏区'),
(42, '湖北省', 4201, '武汉市', '420116', '黄陂区'),
(42, '湖北省', 4201, '武汉市', '420117', '新洲区'),
(42, '湖北省', 4202, '黄石市', '420202', '黄石港区'),
(42, '湖北省', 4202, '黄石市', '420203', '西塞山区'),
(42, '湖北省', 4202, '黄石市', '420204', '下陆区'),
(42, '湖北省', 4202, '黄石市', '420205', '铁山区'),
(42, '湖北省', 4202, '黄石市', '420222', '阳新县'),
(42, '湖北省', 4202, '黄石市', '420281', '大冶市'),
(42, '湖北省', 4203, '十堰市', '420302', '茅箭区'),
(42, '湖北省', 4203, '十堰市', '420303', '张湾区'),
(42, '湖北省', 4203, '十堰市', '420304', '郧阳区'),
(42, '湖北省', 4203, '十堰市', '420322', '郧西县'),
(42, '湖北省', 4203, '十堰市', '420323', '竹山县'),
(42, '湖北省', 4203, '十堰市', '420324', '竹溪县'),
(42, '湖北省', 4203, '十堰市', '420325', '房县'),
(42, '湖北省', 4203, '十堰市', '420381', '丹江口市'),
(42, '湖北省', 4205, '宜昌市', '420502', '西陵区'),
(42, '湖北省', 4205, '宜昌市', '420503', '伍家岗区'),
(42, '湖北省', 4205, '宜昌市', '420504', '点军区'),
(42, '湖北省', 4205, '宜昌市', '420505', '猇亭区'),
(42, '湖北省', 4205, '宜昌市', '420506', '夷陵区'),
(42, '湖北省', 4205, '宜昌市', '420525', '远安县'),
(42, '湖北省', 4205, '宜昌市', '420526', '兴山县'),
(42, '湖北省', 4205, '宜昌市', '420527', '秭归县'),
(42, '湖北省', 4205, '宜昌市', '420528', '长阳土家族自治县'),
(42, '湖北省', 4205, '宜昌市', '420529', '五峰土家族自治县'),
(42, '湖北省', 4205, '宜昌市', '420581', '宜都市'),
(42, '湖北省', 4205, '宜昌市', '420582', '当阳市'),
(42, '湖北省', 4205, '宜昌市', '420583', '枝江市'),
(42, '湖北省', 4206, '襄阳市', '420602', '襄城区'),
(42, '湖北省', 4206, '襄阳市', '420606', '樊城区'),
(42, '湖北省', 4206, '襄阳市', '420607', '襄州区'),
(42, '湖北省', 4206, '襄阳市', '420624', '南漳县'),
(42, '湖北省', 4206, '襄阳市', '420625', '谷城县'),
(42, '湖北省', 4206, '襄阳市', '420626', '保康县'),
(42, '湖北省', 4206, '襄阳市', '420682', '老河口市'),
(42, '湖北省', 4206, '襄阳市', '420683', '枣阳市'),
(42, '湖北省', 4206, '襄阳市', '420684', '宜城市'),
(42, '湖北省', 4207, '鄂州市', '420702', '梁子湖区'),
(42, '湖北省', 4207, '鄂州市', '420703', '华容区'),
(42, '湖北省', 4207, '鄂州市', '420704', '鄂城区'),
(42, '湖北省', 4208, '荆门市', '420802', '东宝区'),
(42, '湖北省', 4208, '荆门市', '420804', '掇刀区'),
(42, '湖北省', 4208, '荆门市', '420821', '京山县'),
(42, '湖北省', 4208, '荆门市', '420822', '沙洋县'),
(42, '湖北省', 4208, '荆门市', '420881', '钟祥市'),
(42, '湖北省', 4209, '孝感市', '420902', '孝南区'),
(42, '湖北省', 4209, '孝感市', '420921', '孝昌县'),
(42, '湖北省', 4209, '孝感市', '420922', '大悟县'),
(42, '湖北省', 4209, '孝感市', '420923', '云梦县'),
(42, '湖北省', 4209, '孝感市', '420981', '应城市'),
(42, '湖北省', 4209, '孝感市', '420982', '安陆市'),
(42, '湖北省', 4209, '孝感市', '420984', '汉川市'),
(42, '湖北省', 4210, '荆州市', '421002', '沙市区'),
(42, '湖北省', 4210, '荆州市', '421003', '荆州区'),
(42, '湖北省', 4210, '荆州市', '421022', '公安县'),
(42, '湖北省', 4210, '荆州市', '421023', '监利县'),
(42, '湖北省', 4210, '荆州市', '421024', '江陵县'),
(42, '湖北省', 4210, '荆州市', '421071', '荆州经济技术开发区'),
(42, '湖北省', 4210, '荆州市', '421081', '石首市'),
(42, '湖北省', 4210, '荆州市', '421083', '洪湖市'),
(42, '湖北省', 4210, '荆州市', '421087', '松滋市'),
(42, '湖北省', 4211, '黄冈市', '421102', '黄州区'),
(42, '湖北省', 4211, '黄冈市', '421121', '团风县'),
(42, '湖北省', 4211, '黄冈市', '421122', '红安县'),
(42, '湖北省', 4211, '黄冈市', '421123', '罗田县'),
(42, '湖北省', 4211, '黄冈市', '421124', '英山县'),
(42, '湖北省', 4211, '黄冈市', '421125', '浠水县'),
(42, '湖北省', 4211, '黄冈市', '421126', '蕲春县'),
(42, '湖北省', 4211, '黄冈市', '421127', '黄梅县'),
(42, '湖北省', 4211, '黄冈市', '421171', '龙感湖管理区'),
(42, '湖北省', 4211, '黄冈市', '421181', '麻城市'),
(42, '湖北省', 4211, '黄冈市', '421182', '武穴市'),
(42, '湖北省', 4212, '咸宁市', '421202', '咸安区'),
(42, '湖北省', 4212, '咸宁市', '421221', '嘉鱼县'),
(42, '湖北省', 4212, '咸宁市', '421222', '通城县'),
(42, '湖北省', 4212, '咸宁市', '421223', '崇阳县'),
(42, '湖北省', 4212, '咸宁市', '421224', '通山县'),
(42, '湖北省', 4212, '咸宁市', '421281', '赤壁市'),
(42, '湖北省', 4213, '随州市', '421303', '曾都区'),
(42, '湖北省', 4213, '随州市', '421321', '随县'),
(42, '湖北省', 4213, '随州市', '421381', '广水市'),
(42, '湖北省', 4228, '恩施土家族苗族自治州', '422801', '恩施市'),
(42, '湖北省', 4228, '恩施土家族苗族自治州', '422802', '利川市'),
(42, '湖北省', 4228, '恩施土家族苗族自治州', '422822', '建始县'),
(42, '湖北省', 4228, '恩施土家族苗族自治州', '422823', '巴东县'),
(42, '湖北省', 4228, '恩施土家族苗族自治州', '422825', '宣恩县'),
(42, '湖北省', 4228, '恩施土家族苗族自治州', '422826', '咸丰县'),
(42, '湖北省', 4228, '恩施土家族苗族自治州', '422827', '来凤县'),
(42, '湖北省', 4228, '恩施土家族苗族自治州', '422828', '鹤峰县'),
(42, '湖北省', 4290, '省直辖县级行政区划', '429004', '仙桃市'),
(42, '湖北省', 4290, '省直辖县级行政区划', '429005', '潜江市'),
(42, '湖北省', 4290, '省直辖县级行政区划', '429006', '天门市'),
(42, '湖北省', 4290, '省直辖县级行政区划', '429021', '神农架林区'),
(43, '湖南省', 4301, '长沙市', '430102', '芙蓉区'),
(43, '湖南省', 4301, '长沙市', '430103', '天心区'),
(43, '湖南省', 4301, '长沙市', '430104', '岳麓区'),
(43, '湖南省', 4301, '长沙市', '430105', '开福区'),
(43, '湖南省', 4301, '长沙市', '430111', '雨花区'),
(43, '湖南省', 4301, '长沙市', '430112', '望城区'),
(43, '湖南省', 4301, '长沙市', '430121', '长沙县'),
(43, '湖南省', 4301, '长沙市', '430181', '浏阳市'),
(43, '湖南省', 4301, '长沙市', '430182', '宁乡市'),
(43, '湖南省', 4302, '株洲市', '430202', '荷塘区'),
(43, '湖南省', 4302, '株洲市', '430203', '芦淞区'),
(43, '湖南省', 4302, '株洲市', '430204', '石峰区'),
(43, '湖南省', 4302, '株洲市', '430211', '天元区'),
(43, '湖南省', 4302, '株洲市', '430221', '株洲县'),
(43, '湖南省', 4302, '株洲市', '430223', '攸县'),
(43, '湖南省', 4302, '株洲市', '430224', '茶陵县'),
(43, '湖南省', 4302, '株洲市', '430225', '炎陵县'),
(43, '湖南省', 4302, '株洲市', '430271', '云龙示范区'),
(43, '湖南省', 4302, '株洲市', '430281', '醴陵市'),
(43, '湖南省', 4303, '湘潭市', '430302', '雨湖区'),
(43, '湖南省', 4303, '湘潭市', '430304', '岳塘区'),
(43, '湖南省', 4303, '湘潭市', '430321', '湘潭县'),
(43, '湖南省', 4303, '湘潭市', '430371', '湖南湘潭高新技术产业园区'),
(43, '湖南省', 4303, '湘潭市', '430372', '湘潭昭山示范区'),
(43, '湖南省', 4303, '湘潭市', '430373', '湘潭九华示范区'),
(43, '湖南省', 4303, '湘潭市', '430381', '湘乡市'),
(43, '湖南省', 4303, '湘潭市', '430382', '韶山市'),
(43, '湖南省', 4304, '衡阳市', '430405', '珠晖区'),
(43, '湖南省', 4304, '衡阳市', '430406', '雁峰区'),
(43, '湖南省', 4304, '衡阳市', '430407', '石鼓区'),
(43, '湖南省', 4304, '衡阳市', '430408', '蒸湘区'),
(43, '湖南省', 4304, '衡阳市', '430412', '南岳区'),
(43, '湖南省', 4304, '衡阳市', '430421', '衡阳县'),
(43, '湖南省', 4304, '衡阳市', '430422', '衡南县'),
(43, '湖南省', 4304, '衡阳市', '430423', '衡山县'),
(43, '湖南省', 4304, '衡阳市', '430424', '衡东县'),
(43, '湖南省', 4304, '衡阳市', '430426', '祁东县'),
(43, '湖南省', 4304, '衡阳市', '430471', '衡阳综合保税区'),
(43, '湖南省', 4304, '衡阳市', '430472', '湖南衡阳高新技术产业园区'),
(43, '湖南省', 4304, '衡阳市', '430473', '湖南衡阳松木经济开发区'),
(43, '湖南省', 4304, '衡阳市', '430481', '耒阳市'),
(43, '湖南省', 4304, '衡阳市', '430482', '常宁市'),
(43, '湖南省', 4305, '邵阳市', '430502', '双清区'),
(43, '湖南省', 4305, '邵阳市', '430503', '大祥区'),
(43, '湖南省', 4305, '邵阳市', '430511', '北塔区'),
(43, '湖南省', 4305, '邵阳市', '430521', '邵东县'),
(43, '湖南省', 4305, '邵阳市', '430522', '新邵县'),
(43, '湖南省', 4305, '邵阳市', '430523', '邵阳县'),
(43, '湖南省', 4305, '邵阳市', '430524', '隆回县'),
(43, '湖南省', 4305, '邵阳市', '430525', '洞口县'),
(43, '湖南省', 4305, '邵阳市', '430527', '绥宁县'),
(43, '湖南省', 4305, '邵阳市', '430528', '新宁县'),
(43, '湖南省', 4305, '邵阳市', '430529', '城步苗族自治县'),
(43, '湖南省', 4305, '邵阳市', '430581', '武冈市'),
(43, '湖南省', 4306, '岳阳市', '430602', '岳阳楼区'),
(43, '湖南省', 4306, '岳阳市', '430603', '云溪区'),
(43, '湖南省', 4306, '岳阳市', '430611', '君山区'),
(43, '湖南省', 4306, '岳阳市', '430621', '岳阳县'),
(43, '湖南省', 4306, '岳阳市', '430623', '华容县'),
(43, '湖南省', 4306, '岳阳市', '430624', '湘阴县'),
(43, '湖南省', 4306, '岳阳市', '430626', '平江县'),
(43, '湖南省', 4306, '岳阳市', '430671', '岳阳市屈原管理区'),
(43, '湖南省', 4306, '岳阳市', '430681', '汨罗市'),
(43, '湖南省', 4306, '岳阳市', '430682', '临湘市'),
(43, '湖南省', 4307, '常德市', '430702', '武陵区'),
(43, '湖南省', 4307, '常德市', '430703', '鼎城区'),
(43, '湖南省', 4307, '常德市', '430721', '安乡县'),
(43, '湖南省', 4307, '常德市', '430722', '汉寿县'),
(43, '湖南省', 4307, '常德市', '430723', '澧县'),
(43, '湖南省', 4307, '常德市', '430724', '临澧县'),
(43, '湖南省', 4307, '常德市', '430725', '桃源县'),
(43, '湖南省', 4307, '常德市', '430726', '石门县'),
(43, '湖南省', 4307, '常德市', '430771', '常德市西洞庭管理区'),
(43, '湖南省', 4307, '常德市', '430781', '津市市'),
(43, '湖南省', 4308, '张家界市', '430802', '永定区'),
(43, '湖南省', 4308, '张家界市', '430811', '武陵源区'),
(43, '湖南省', 4308, '张家界市', '430821', '慈利县'),
(43, '湖南省', 4308, '张家界市', '430822', '桑植县'),
(43, '湖南省', 4309, '益阳市', '430902', '资阳区'),
(43, '湖南省', 4309, '益阳市', '430903', '赫山区'),
(43, '湖南省', 4309, '益阳市', '430921', '南县'),
(43, '湖南省', 4309, '益阳市', '430922', '桃江县'),
(43, '湖南省', 4309, '益阳市', '430923', '安化县'),
(43, '湖南省', 4309, '益阳市', '430971', '益阳市大通湖管理区'),
(43, '湖南省', 4309, '益阳市', '430972', '湖南益阳高新技术产业园区'),
(43, '湖南省', 4309, '益阳市', '430981', '沅江市'),
(43, '湖南省', 4310, '郴州市', '431002', '北湖区'),
(43, '湖南省', 4310, '郴州市', '431003', '苏仙区'),
(43, '湖南省', 4310, '郴州市', '431021', '桂阳县'),
(43, '湖南省', 4310, '郴州市', '431022', '宜章县'),
(43, '湖南省', 4310, '郴州市', '431023', '永兴县'),
(43, '湖南省', 4310, '郴州市', '431024', '嘉禾县'),
(43, '湖南省', 4310, '郴州市', '431025', '临武县'),
(43, '湖南省', 4310, '郴州市', '431026', '汝城县'),
(43, '湖南省', 4310, '郴州市', '431027', '桂东县'),
(43, '湖南省', 4310, '郴州市', '431028', '安仁县'),
(43, '湖南省', 4310, '郴州市', '431081', '资兴市'),
(43, '湖南省', 4311, '永州市', '431102', '零陵区'),
(43, '湖南省', 4311, '永州市', '431103', '冷水滩区'),
(43, '湖南省', 4311, '永州市', '431121', '祁阳县'),
(43, '湖南省', 4311, '永州市', '431122', '东安县'),
(43, '湖南省', 4311, '永州市', '431123', '双牌县'),
(43, '湖南省', 4311, '永州市', '431124', '道县'),
(43, '湖南省', 4311, '永州市', '431125', '江永县'),
(43, '湖南省', 4311, '永州市', '431126', '宁远县'),
(43, '湖南省', 4311, '永州市', '431127', '蓝山县'),
(43, '湖南省', 4311, '永州市', '431128', '新田县'),
(43, '湖南省', 4311, '永州市', '431129', '江华瑶族自治县'),
(43, '湖南省', 4311, '永州市', '431171', '永州经济技术开发区'),
(43, '湖南省', 4311, '永州市', '431172', '永州市金洞管理区'),
(43, '湖南省', 4311, '永州市', '431173', '永州市回龙圩管理区'),
(43, '湖南省', 4312, '怀化市', '431202', '鹤城区'),
(43, '湖南省', 4312, '怀化市', '431221', '中方县'),
(43, '湖南省', 4312, '怀化市', '431222', '沅陵县'),
(43, '湖南省', 4312, '怀化市', '431223', '辰溪县'),
(43, '湖南省', 4312, '怀化市', '431224', '溆浦县'),
(43, '湖南省', 4312, '怀化市', '431225', '会同县'),
(43, '湖南省', 4312, '怀化市', '431226', '麻阳苗族自治县'),
(43, '湖南省', 4312, '怀化市', '431227', '新晃侗族自治县'),
(43, '湖南省', 4312, '怀化市', '431228', '芷江侗族自治县'),
(43, '湖南省', 4312, '怀化市', '431229', '靖州苗族侗族自治县'),
(43, '湖南省', 4312, '怀化市', '431230', '通道侗族自治县'),
(43, '湖南省', 4312, '怀化市', '431271', '怀化市洪江管理区'),
(43, '湖南省', 4312, '怀化市', '431281', '洪江市'),
(43, '湖南省', 4313, '娄底市', '431302', '娄星区'),
(43, '湖南省', 4313, '娄底市', '431321', '双峰县'),
(43, '湖南省', 4313, '娄底市', '431322', '新化县'),
(43, '湖南省', 4313, '娄底市', '431381', '冷水江市'),
(43, '湖南省', 4313, '娄底市', '431382', '涟源市'),
(43, '湖南省', 4331, '湘西土家族苗族自治州', '433101', '吉首市'),
(43, '湖南省', 4331, '湘西土家族苗族自治州', '433122', '泸溪县'),
(43, '湖南省', 4331, '湘西土家族苗族自治州', '433123', '凤凰县'),
(43, '湖南省', 4331, '湘西土家族苗族自治州', '433124', '花垣县'),
(43, '湖南省', 4331, '湘西土家族苗族自治州', '433125', '保靖县'),
(43, '湖南省', 4331, '湘西土家族苗族自治州', '433126', '古丈县'),
(43, '湖南省', 4331, '湘西土家族苗族自治州', '433127', '永顺县'),
(43, '湖南省', 4331, '湘西土家族苗族自治州', '433130', '龙山县'),
(43, '湖南省', 4331, '湘西土家族苗族自治州', '433172', '湖南吉首经济开发区'),
(43, '湖南省', 4331, '湘西土家族苗族自治州', '433173', '湖南永顺经济开发区'),
(44, '广东省', 4401, '广州市', '440103', '荔湾区'),
(44, '广东省', 4401, '广州市', '440104', '越秀区'),
(44, '广东省', 4401, '广州市', '440105', '海珠区'),
(44, '广东省', 4401, '广州市', '440106', '天河区'),
(44, '广东省', 4401, '广州市', '440111', '白云区'),
(44, '广东省', 4401, '广州市', '440112', '黄埔区'),
(44, '广东省', 4401, '广州市', '440113', '番禺区'),
(44, '广东省', 4401, '广州市', '440114', '花都区'),
(44, '广东省', 4401, '广州市', '440115', '南沙区'),
(44, '广东省', 4401, '广州市', '440117', '从化区'),
(44, '广东省', 4401, '广州市', '440118', '增城区'),
(44, '广东省', 4402, '韶关市', '440203', '武江区'),
(44, '广东省', 4402, '韶关市', '440204', '浈江区'),
(44, '广东省', 4402, '韶关市', '440205', '曲江区'),
(44, '广东省', 4402, '韶关市', '440222', '始兴县'),
(44, '广东省', 4402, '韶关市', '440224', '仁化县'),
(44, '广东省', 4402, '韶关市', '440229', '翁源县'),
(44, '广东省', 4402, '韶关市', '440232', '乳源瑶族自治县'),
(44, '广东省', 4402, '韶关市', '440233', '新丰县'),
(44, '广东省', 4402, '韶关市', '440281', '乐昌市'),
(44, '广东省', 4402, '韶关市', '440282', '南雄市'),
(44, '广东省', 4403, '深圳市', '440303', '罗湖区'),
(44, '广东省', 4403, '深圳市', '440304', '福田区'),
(44, '广东省', 4403, '深圳市', '440305', '南山区'),
(44, '广东省', 4403, '深圳市', '440306', '宝安区'),
(44, '广东省', 4403, '深圳市', '440307', '龙岗区'),
(44, '广东省', 4403, '深圳市', '440308', '盐田区'),
(44, '广东省', 4403, '深圳市', '440309', '龙华区'),
(44, '广东省', 4403, '深圳市', '440310', '坪山区'),
(44, '广东省', 4404, '珠海市', '440402', '香洲区'),
(44, '广东省', 4404, '珠海市', '440403', '斗门区'),
(44, '广东省', 4404, '珠海市', '440404', '金湾区'),
(44, '广东省', 4405, '汕头市', '440507', '龙湖区'),
(44, '广东省', 4405, '汕头市', '440511', '金平区'),
(44, '广东省', 4405, '汕头市', '440512', '濠江区'),
(44, '广东省', 4405, '汕头市', '440513', '潮阳区'),
(44, '广东省', 4405, '汕头市', '440514', '潮南区'),
(44, '广东省', 4405, '汕头市', '440515', '澄海区'),
(44, '广东省', 4405, '汕头市', '440523', '南澳县'),
(44, '广东省', 4406, '佛山市', '440604', '禅城区'),
(44, '广东省', 4406, '佛山市', '440605', '南海区'),
(44, '广东省', 4406, '佛山市', '440606', '顺德区'),
(44, '广东省', 4406, '佛山市', '440607', '三水区'),
(44, '广东省', 4406, '佛山市', '440608', '高明区'),
(44, '广东省', 4407, '江门市', '440703', '蓬江区'),
(44, '广东省', 4407, '江门市', '440704', '江海区'),
(44, '广东省', 4407, '江门市', '440705', '新会区'),
(44, '广东省', 4407, '江门市', '440781', '台山市'),
(44, '广东省', 4407, '江门市', '440783', '开平市'),
(44, '广东省', 4407, '江门市', '440784', '鹤山市'),
(44, '广东省', 4407, '江门市', '440785', '恩平市'),
(44, '广东省', 4408, '湛江市', '440802', '赤坎区'),
(44, '广东省', 4408, '湛江市', '440803', '霞山区'),
(44, '广东省', 4408, '湛江市', '440804', '坡头区'),
(44, '广东省', 4408, '湛江市', '440811', '麻章区'),
(44, '广东省', 4408, '湛江市', '440823', '遂溪县'),
(44, '广东省', 4408, '湛江市', '440825', '徐闻县'),
(44, '广东省', 4408, '湛江市', '440881', '廉江市'),
(44, '广东省', 4408, '湛江市', '440882', '雷州市'),
(44, '广东省', 4408, '湛江市', '440883', '吴川市'),
(44, '广东省', 4409, '茂名市', '440902', '茂南区'),
(44, '广东省', 4409, '茂名市', '440904', '电白区'),
(44, '广东省', 4409, '茂名市', '440981', '高州市'),
(44, '广东省', 4409, '茂名市', '440982', '化州市'),
(44, '广东省', 4409, '茂名市', '440983', '信宜市'),
(44, '广东省', 4412, '肇庆市', '441202', '端州区'),
(44, '广东省', 4412, '肇庆市', '441203', '鼎湖区'),
(44, '广东省', 4412, '肇庆市', '441204', '高要区'),
(44, '广东省', 4412, '肇庆市', '441223', '广宁县'),
(44, '广东省', 4412, '肇庆市', '441224', '怀集县'),
(44, '广东省', 4412, '肇庆市', '441225', '封开县'),
(44, '广东省', 4412, '肇庆市', '441226', '德庆县'),
(44, '广东省', 4412, '肇庆市', '441284', '四会市'),
(44, '广东省', 4413, '惠州市', '441302', '惠城区'),
(44, '广东省', 4413, '惠州市', '441303', '惠阳区'),
(44, '广东省', 4413, '惠州市', '441322', '博罗县'),
(44, '广东省', 4413, '惠州市', '441323', '惠东县'),
(44, '广东省', 4413, '惠州市', '441324', '龙门县'),
(44, '广东省', 4414, '梅州市', '441402', '梅江区'),
(44, '广东省', 4414, '梅州市', '441403', '梅县区'),
(44, '广东省', 4414, '梅州市', '441422', '大埔县'),
(44, '广东省', 4414, '梅州市', '441423', '丰顺县'),
(44, '广东省', 4414, '梅州市', '441424', '五华县'),
(44, '广东省', 4414, '梅州市', '441426', '平远县'),
(44, '广东省', 4414, '梅州市', '441427', '蕉岭县'),
(44, '广东省', 4414, '梅州市', '441481', '兴宁市'),
(44, '广东省', 4415, '汕尾市', '441502', '城区'),
(44, '广东省', 4415, '汕尾市', '441521', '海丰县'),
(44, '广东省', 4415, '汕尾市', '441523', '陆河县'),
(44, '广东省', 4415, '汕尾市', '441581', '陆丰市'),
(44, '广东省', 4416, '河源市', '441602', '源城区'),
(44, '广东省', 4416, '河源市', '441621', '紫金县'),
(44, '广东省', 4416, '河源市', '441622', '龙川县'),
(44, '广东省', 4416, '河源市', '441623', '连平县'),
(44, '广东省', 4416, '河源市', '441624', '和平县'),
(44, '广东省', 4416, '河源市', '441625', '东源县'),
(44, '广东省', 4417, '阳江市', '441702', '江城区'),
(44, '广东省', 4417, '阳江市', '441704', '阳东区'),
(44, '广东省', 4417, '阳江市', '441721', '阳西县'),
(44, '广东省', 4417, '阳江市', '441781', '阳春市'),
(44, '广东省', 4418, '清远市', '441802', '清城区'),
(44, '广东省', 4418, '清远市', '441803', '清新区'),
(44, '广东省', 4418, '清远市', '441821', '佛冈县'),
(44, '广东省', 4418, '清远市', '441823', '阳山县'),
(44, '广东省', 4418, '清远市', '441825', '连山壮族瑶族自治县'),
(44, '广东省', 4418, '清远市', '441826', '连南瑶族自治县'),
(44, '广东省', 4418, '清远市', '441881', '英德市'),
(44, '广东省', 4418, '清远市', '441882', '连州市'),
(44, '广东省', 4419, '东莞市', '441900003', '东城街道办事处'),
(44, '广东省', 4419, '东莞市', '441900004', '南城街道办事处'),
(44, '广东省', 4419, '东莞市', '441900005', '万江街道办事处'),
(44, '广东省', 4419, '东莞市', '441900006', '莞城街道办事处'),
(44, '广东省', 4419, '东莞市', '441900101', '石碣镇'),
(44, '广东省', 4419, '东莞市', '441900102', '石龙镇'),
(44, '广东省', 4419, '东莞市', '441900103', '茶山镇'),
(44, '广东省', 4419, '东莞市', '441900104', '石排镇'),
(44, '广东省', 4419, '东莞市', '441900105', '企石镇'),
(44, '广东省', 4419, '东莞市', '441900106', '横沥镇'),
(44, '广东省', 4419, '东莞市', '441900107', '桥头镇'),
(44, '广东省', 4419, '东莞市', '441900108', '谢岗镇'),
(44, '广东省', 4419, '东莞市', '441900109', '东坑镇'),
(44, '广东省', 4419, '东莞市', '441900110', '常平镇'),
(44, '广东省', 4419, '东莞市', '441900111', '寮步镇'),
(44, '广东省', 4419, '东莞市', '441900112', '樟木头镇'),
(44, '广东省', 4419, '东莞市', '441900113', '大朗镇'),
(44, '广东省', 4419, '东莞市', '441900114', '黄江镇'),
(44, '广东省', 4419, '东莞市', '441900115', '清溪镇'),
(44, '广东省', 4419, '东莞市', '441900116', '塘厦镇'),
(44, '广东省', 4419, '东莞市', '441900117', '凤岗镇'),
(44, '广东省', 4419, '东莞市', '441900118', '大岭山镇'),
(44, '广东省', 4419, '东莞市', '441900119', '长安镇'),
(44, '广东省', 4419, '东莞市', '441900121', '虎门镇'),
(44, '广东省', 4419, '东莞市', '441900122', '厚街镇'),
(44, '广东省', 4419, '东莞市', '441900123', '沙田镇'),
(44, '广东省', 4419, '东莞市', '441900124', '道滘镇'),
(44, '广东省', 4419, '东莞市', '441900125', '洪梅镇'),
(44, '广东省', 4419, '东莞市', '441900126', '麻涌镇'),
(44, '广东省', 4419, '东莞市', '441900127', '望牛墩镇'),
(44, '广东省', 4419, '东莞市', '441900128', '中堂镇'),
(44, '广东省', 4419, '东莞市', '441900129', '高埗镇'),
(44, '广东省', 4419, '东莞市', '441900401', '松山湖管委会'),
(44, '广东省', 4419, '东莞市', '441900402', '东莞港'),
(44, '广东省', 4419, '东莞市', '441900403', '东莞生态园'),
(44, '广东省', 4420, '中山市', '442000001', '石岐区街道办事处'),
(44, '广东省', 4420, '中山市', '442000002', '东区街道办事处'),
(44, '广东省', 4420, '中山市', '442000003', '火炬开发区街道办事处'),
(44, '广东省', 4420, '中山市', '442000004', '西区街道办事处'),
(44, '广东省', 4420, '中山市', '442000005', '南区街道办事处'),
(44, '广东省', 4420, '中山市', '442000006', '五桂山街道办事处'),
(44, '广东省', 4420, '中山市', '442000100', '小榄镇'),
(44, '广东省', 4420, '中山市', '442000101', '黄圃镇'),
(44, '广东省', 4420, '中山市', '442000102', '民众镇'),
(44, '广东省', 4420, '中山市', '442000103', '东凤镇'),
(44, '广东省', 4420, '中山市', '442000104', '东升镇'),
(44, '广东省', 4420, '中山市', '442000105', '古镇镇'),
(44, '广东省', 4420, '中山市', '442000106', '沙溪镇'),
(44, '广东省', 4420, '中山市', '442000107', '坦洲镇'),
(44, '广东省', 4420, '中山市', '442000108', '港口镇'),
(44, '广东省', 4420, '中山市', '442000109', '三角镇'),
(44, '广东省', 4420, '中山市', '442000110', '横栏镇'),
(44, '广东省', 4420, '中山市', '442000111', '南头镇'),
(44, '广东省', 4420, '中山市', '442000112', '阜沙镇'),
(44, '广东省', 4420, '中山市', '442000113', '南朗镇'),
(44, '广东省', 4420, '中山市', '442000114', '三乡镇'),
(44, '广东省', 4420, '中山市', '442000115', '板芙镇'),
(44, '广东省', 4420, '中山市', '442000116', '大涌镇'),
(44, '广东省', 4420, '中山市', '442000117', '神湾镇'),
(44, '广东省', 4451, '潮州市', '445102', '湘桥区'),
(44, '广东省', 4451, '潮州市', '445103', '潮安区'),
(44, '广东省', 4451, '潮州市', '445122', '饶平县'),
(44, '广东省', 4452, '揭阳市', '445202', '榕城区'),
(44, '广东省', 4452, '揭阳市', '445203', '揭东区'),
(44, '广东省', 4452, '揭阳市', '445222', '揭西县'),
(44, '广东省', 4452, '揭阳市', '445224', '惠来县'),
(44, '广东省', 4452, '揭阳市', '445281', '普宁市'),
(44, '广东省', 4453, '云浮市', '445302', '云城区'),
(44, '广东省', 4453, '云浮市', '445303', '云安区'),
(44, '广东省', 4453, '云浮市', '445321', '新兴县'),
(44, '广东省', 4453, '云浮市', '445322', '郁南县'),
(44, '广东省', 4453, '云浮市', '445381', '罗定市'),
(45, '广西壮族自治区', 4501, '南宁市', '450102', '兴宁区'),
(45, '广西壮族自治区', 4501, '南宁市', '450103', '青秀区'),
(45, '广西壮族自治区', 4501, '南宁市', '450105', '江南区'),
(45, '广西壮族自治区', 4501, '南宁市', '450107', '西乡塘区'),
(45, '广西壮族自治区', 4501, '南宁市', '450108', '良庆区'),
(45, '广西壮族自治区', 4501, '南宁市', '450109', '邕宁区'),
(45, '广西壮族自治区', 4501, '南宁市', '450110', '武鸣区'),
(45, '广西壮族自治区', 4501, '南宁市', '450123', '隆安县'),
(45, '广西壮族自治区', 4501, '南宁市', '450124', '马山县'),
(45, '广西壮族自治区', 4501, '南宁市', '450125', '上林县'),
(45, '广西壮族自治区', 4501, '南宁市', '450126', '宾阳县'),
(45, '广西壮族自治区', 4501, '南宁市', '450127', '横县'),
(45, '广西壮族自治区', 4502, '柳州市', '450202', '城中区'),
(45, '广西壮族自治区', 4502, '柳州市', '450203', '鱼峰区'),
(45, '广西壮族自治区', 4502, '柳州市', '450204', '柳南区'),
(45, '广西壮族自治区', 4502, '柳州市', '450205', '柳北区'),
(45, '广西壮族自治区', 4502, '柳州市', '450206', '柳江区'),
(45, '广西壮族自治区', 4502, '柳州市', '450222', '柳城县'),
(45, '广西壮族自治区', 4502, '柳州市', '450223', '鹿寨县'),
(45, '广西壮族自治区', 4502, '柳州市', '450224', '融安县'),
(45, '广西壮族自治区', 4502, '柳州市', '450225', '融水苗族自治县'),
(45, '广西壮族自治区', 4502, '柳州市', '450226', '三江侗族自治县'),
(45, '广西壮族自治区', 4503, '桂林市', '450302', '秀峰区'),
(45, '广西壮族自治区', 4503, '桂林市', '450303', '叠彩区'),
(45, '广西壮族自治区', 4503, '桂林市', '450304', '象山区'),
(45, '广西壮族自治区', 4503, '桂林市', '450305', '七星区'),
(45, '广西壮族自治区', 4503, '桂林市', '450311', '雁山区'),
(45, '广西壮族自治区', 4503, '桂林市', '450312', '临桂区'),
(45, '广西壮族自治区', 4503, '桂林市', '450321', '阳朔县'),
(45, '广西壮族自治区', 4503, '桂林市', '450323', '灵川县'),
(45, '广西壮族自治区', 4503, '桂林市', '450324', '全州县'),
(45, '广西壮族自治区', 4503, '桂林市', '450325', '兴安县'),
(45, '广西壮族自治区', 4503, '桂林市', '450326', '永福县'),
(45, '广西壮族自治区', 4503, '桂林市', '450327', '灌阳县'),
(45, '广西壮族自治区', 4503, '桂林市', '450328', '龙胜各族自治县'),
(45, '广西壮族自治区', 4503, '桂林市', '450329', '资源县'),
(45, '广西壮族自治区', 4503, '桂林市', '450330', '平乐县'),
(45, '广西壮族自治区', 4503, '桂林市', '450331', '荔浦县'),
(45, '广西壮族自治区', 4503, '桂林市', '450332', '恭城瑶族自治县'),
(45, '广西壮族自治区', 4504, '梧州市', '450403', '万秀区'),
(45, '广西壮族自治区', 4504, '梧州市', '450405', '长洲区'),
(45, '广西壮族自治区', 4504, '梧州市', '450406', '龙圩区'),
(45, '广西壮族自治区', 4504, '梧州市', '450421', '苍梧县'),
(45, '广西壮族自治区', 4504, '梧州市', '450422', '藤县'),
(45, '广西壮族自治区', 4504, '梧州市', '450423', '蒙山县'),
(45, '广西壮族自治区', 4504, '梧州市', '450481', '岑溪市'),
(45, '广西壮族自治区', 4505, '北海市', '450502', '海城区'),
(45, '广西壮族自治区', 4505, '北海市', '450503', '银海区'),
(45, '广西壮族自治区', 4505, '北海市', '450512', '铁山港区'),
(45, '广西壮族自治区', 4505, '北海市', '450521', '合浦县'),
(45, '广西壮族自治区', 4506, '防城港市', '450602', '港口区'),
(45, '广西壮族自治区', 4506, '防城港市', '450603', '防城区'),
(45, '广西壮族自治区', 4506, '防城港市', '450621', '上思县'),
(45, '广西壮族自治区', 4506, '防城港市', '450681', '东兴市'),
(45, '广西壮族自治区', 4507, '钦州市', '450702', '钦南区'),
(45, '广西壮族自治区', 4507, '钦州市', '450703', '钦北区'),
(45, '广西壮族自治区', 4507, '钦州市', '450721', '灵山县'),
(45, '广西壮族自治区', 4507, '钦州市', '450722', '浦北县'),
(45, '广西壮族自治区', 4508, '贵港市', '450802', '港北区'),
(45, '广西壮族自治区', 4508, '贵港市', '450803', '港南区'),
(45, '广西壮族自治区', 4508, '贵港市', '450804', '覃塘区'),
(45, '广西壮族自治区', 4508, '贵港市', '450821', '平南县'),
(45, '广西壮族自治区', 4508, '贵港市', '450881', '桂平市'),
(45, '广西壮族自治区', 4509, '玉林市', '450902', '玉州区'),
(45, '广西壮族自治区', 4509, '玉林市', '450903', '福绵区'),
(45, '广西壮族自治区', 4509, '玉林市', '450921', '容县'),
(45, '广西壮族自治区', 4509, '玉林市', '450922', '陆川县'),
(45, '广西壮族自治区', 4509, '玉林市', '450923', '博白县'),
(45, '广西壮族自治区', 4509, '玉林市', '450924', '兴业县'),
(45, '广西壮族自治区', 4509, '玉林市', '450981', '北流市'),
(45, '广西壮族自治区', 4510, '百色市', '451002', '右江区'),
(45, '广西壮族自治区', 4510, '百色市', '451021', '田阳县'),
(45, '广西壮族自治区', 4510, '百色市', '451022', '田东县'),
(45, '广西壮族自治区', 4510, '百色市', '451023', '平果县'),
(45, '广西壮族自治区', 4510, '百色市', '451024', '德保县'),
(45, '广西壮族自治区', 4510, '百色市', '451026', '那坡县'),
(45, '广西壮族自治区', 4510, '百色市', '451027', '凌云县'),
(45, '广西壮族自治区', 4510, '百色市', '451028', '乐业县'),
(45, '广西壮族自治区', 4510, '百色市', '451029', '田林县'),
(45, '广西壮族自治区', 4510, '百色市', '451030', '西林县'),
(45, '广西壮族自治区', 4510, '百色市', '451031', '隆林各族自治县'),
(45, '广西壮族自治区', 4510, '百色市', '451081', '靖西市'),
(45, '广西壮族自治区', 4511, '贺州市', '451102', '八步区'),
(45, '广西壮族自治区', 4511, '贺州市', '451103', '平桂区'),
(45, '广西壮族自治区', 4511, '贺州市', '451121', '昭平县'),
(45, '广西壮族自治区', 4511, '贺州市', '451122', '钟山县'),
(45, '广西壮族自治区', 4511, '贺州市', '451123', '富川瑶族自治县'),
(45, '广西壮族自治区', 4512, '河池市', '451202', '金城江区'),
(45, '广西壮族自治区', 4512, '河池市', '451203', '宜州区'),
(45, '广西壮族自治区', 4512, '河池市', '451221', '南丹县'),
(45, '广西壮族自治区', 4512, '河池市', '451222', '天峨县'),
(45, '广西壮族自治区', 4512, '河池市', '451223', '凤山县'),
(45, '广西壮族自治区', 4512, '河池市', '451224', '东兰县'),
(45, '广西壮族自治区', 4512, '河池市', '451225', '罗城仫佬族自治县'),
(45, '广西壮族自治区', 4512, '河池市', '451226', '环江毛南族自治县'),
(45, '广西壮族自治区', 4512, '河池市', '451227', '巴马瑶族自治县'),
(45, '广西壮族自治区', 4512, '河池市', '451228', '都安瑶族自治县'),
(45, '广西壮族自治区', 4512, '河池市', '451229', '大化瑶族自治县'),
(45, '广西壮族自治区', 4513, '来宾市', '451302', '兴宾区'),
(45, '广西壮族自治区', 4513, '来宾市', '451321', '忻城县'),
(45, '广西壮族自治区', 4513, '来宾市', '451322', '象州县'),
(45, '广西壮族自治区', 4513, '来宾市', '451323', '武宣县'),
(45, '广西壮族自治区', 4513, '来宾市', '451324', '金秀瑶族自治县'),
(45, '广西壮族自治区', 4513, '来宾市', '451381', '合山市'),
(45, '广西壮族自治区', 4514, '崇左市', '451402', '江州区'),
(45, '广西壮族自治区', 4514, '崇左市', '451421', '扶绥县'),
(45, '广西壮族自治区', 4514, '崇左市', '451422', '宁明县'),
(45, '广西壮族自治区', 4514, '崇左市', '451423', '龙州县'),
(45, '广西壮族自治区', 4514, '崇左市', '451424', '大新县'),
(45, '广西壮族自治区', 4514, '崇左市', '451425', '天等县'),
(45, '广西壮族自治区', 4514, '崇左市', '451481', '凭祥市'),
(46, '海南省', 4601, '海口市', '460105', '秀英区'),
(46, '海南省', 4601, '海口市', '460106', '龙华区'),
(46, '海南省', 4601, '海口市', '460107', '琼山区'),
(46, '海南省', 4601, '海口市', '460108', '美兰区'),
(46, '海南省', 4602, '三亚市', '460202', '海棠区'),
(46, '海南省', 4602, '三亚市', '460203', '吉阳区'),
(46, '海南省', 4602, '三亚市', '460204', '天涯区'),
(46, '海南省', 4602, '三亚市', '460205', '崖州区'),
(46, '海南省', 4603, '三沙市', '460321', '西沙群岛'),
(46, '海南省', 4603, '三沙市', '460322', '南沙群岛'),
(46, '海南省', 4603, '三沙市', '460323', '中沙群岛的岛礁及其海域'),
(46, '海南省', 4604, '儋州市', '460400100', '那大镇'),
(46, '海南省', 4604, '儋州市', '460400101', '和庆镇'),
(46, '海南省', 4604, '儋州市', '460400102', '南丰镇'),
(46, '海南省', 4604, '儋州市', '460400103', '大成镇'),
(46, '海南省', 4604, '儋州市', '460400104', '雅星镇'),
(46, '海南省', 4604, '儋州市', '460400105', '兰洋镇'),
(46, '海南省', 4604, '儋州市', '460400106', '光村镇'),
(46, '海南省', 4604, '儋州市', '460400107', '木棠镇'),
(46, '海南省', 4604, '儋州市', '460400108', '海头镇'),
(46, '海南省', 4604, '儋州市', '460400109', '峨蔓镇'),
(46, '海南省', 4604, '儋州市', '460400111', '王五镇'),
(46, '海南省', 4604, '儋州市', '460400112', '白马井镇'),
(46, '海南省', 4604, '儋州市', '460400113', '中和镇'),
(46, '海南省', 4604, '儋州市', '460400114', '排浦镇'),
(46, '海南省', 4604, '儋州市', '460400115', '东成镇'),
(46, '海南省', 4604, '儋州市', '460400116', '新州镇'),
(46, '海南省', 4604, '儋州市', '460400499', '洋浦经济开发区'),
(46, '海南省', 4604, '儋州市', '460400500', '华南热作学院'),
(46, '海南省', 4690, '省直辖县级行政区划', '469001', '五指山市'),
(46, '海南省', 4690, '省直辖县级行政区划', '469002', '琼海市'),
(46, '海南省', 4690, '省直辖县级行政区划', '469005', '文昌市'),
(46, '海南省', 4690, '省直辖县级行政区划', '469006', '万宁市'),
(46, '海南省', 4690, '省直辖县级行政区划', '469007', '东方市'),
(46, '海南省', 4690, '省直辖县级行政区划', '469021', '定安县'),
(46, '海南省', 4690, '省直辖县级行政区划', '469022', '屯昌县'),
(46, '海南省', 4690, '省直辖县级行政区划', '469023', '澄迈县'),
(46, '海南省', 4690, '省直辖县级行政区划', '469024', '临高县'),
(46, '海南省', 4690, '省直辖县级行政区划', '469025', '白沙黎族自治县'),
(46, '海南省', 4690, '省直辖县级行政区划', '469026', '昌江黎族自治县'),
(46, '海南省', 4690, '省直辖县级行政区划', '469027', '乐东黎族自治县'),
(46, '海南省', 4690, '省直辖县级行政区划', '469028', '陵水黎族自治县'),
(46, '海南省', 4690, '省直辖县级行政区划', '469029', '保亭黎族苗族自治县'),
(46, '海南省', 4690, '省直辖县级行政区划', '469030', '琼中黎族苗族自治县'),
(50, '重庆市', 5001, '市辖区', '500101', '万州区'),
(50, '重庆市', 5001, '市辖区', '500102', '涪陵区'),
(50, '重庆市', 5001, '市辖区', '500103', '渝中区'),
(50, '重庆市', 5001, '市辖区', '500104', '大渡口区'),
(50, '重庆市', 5001, '市辖区', '500105', '江北区'),
(50, '重庆市', 5001, '市辖区', '500106', '沙坪坝区'),
(50, '重庆市', 5001, '市辖区', '500107', '九龙坡区'),
(50, '重庆市', 5001, '市辖区', '500108', '南岸区'),
(50, '重庆市', 5001, '市辖区', '500109', '北碚区'),
(50, '重庆市', 5001, '市辖区', '500110', '綦江区'),
(50, '重庆市', 5001, '市辖区', '500111', '大足区'),
(50, '重庆市', 5001, '市辖区', '500112', '渝北区'),
(50, '重庆市', 5001, '市辖区', '500113', '巴南区'),
(50, '重庆市', 5001, '市辖区', '500114', '黔江区'),
(50, '重庆市', 5001, '市辖区', '500115', '长寿区'),
(50, '重庆市', 5001, '市辖区', '500116', '江津区'),
(50, '重庆市', 5001, '市辖区', '500117', '合川区'),
(50, '重庆市', 5001, '市辖区', '500118', '永川区'),
(50, '重庆市', 5001, '市辖区', '500119', '南川区'),
(50, '重庆市', 5001, '市辖区', '500120', '璧山区'),
(50, '重庆市', 5001, '市辖区', '500151', '铜梁区'),
(50, '重庆市', 5001, '市辖区', '500152', '潼南区'),
(50, '重庆市', 5001, '市辖区', '500153', '荣昌区'),
(50, '重庆市', 5001, '市辖区', '500154', '开州区'),
(50, '重庆市', 5001, '市辖区', '500155', '梁平区'),
(50, '重庆市', 5001, '市辖区', '500156', '武隆区'),
(50, '重庆市', 5002, '县', '500229', '城口县'),
(50, '重庆市', 5002, '县', '500230', '丰都县'),
(50, '重庆市', 5002, '县', '500231', '垫江县'),
(50, '重庆市', 5002, '县', '500233', '忠县'),
(50, '重庆市', 5002, '县', '500235', '云阳县'),
(50, '重庆市', 5002, '县', '500236', '奉节县'),
(50, '重庆市', 5002, '县', '500237', '巫山县'),
(50, '重庆市', 5002, '县', '500238', '巫溪县'),
(50, '重庆市', 5002, '县', '500240', '石柱土家族自治县'),
(50, '重庆市', 5002, '县', '500241', '秀山土家族苗族自治县'),
(50, '重庆市', 5002, '县', '500242', '酉阳土家族苗族自治县'),
(50, '重庆市', 5002, '县', '500243', '彭水苗族土家族自治县'),
(51, '四川省', 5101, '成都市', '510104', '锦江区'),
(51, '四川省', 5101, '成都市', '510105', '青羊区'),
(51, '四川省', 5101, '成都市', '510106', '金牛区'),
(51, '四川省', 5101, '成都市', '510107', '武侯区'),
(51, '四川省', 5101, '成都市', '510108', '成华区'),
(51, '四川省', 5101, '成都市', '510112', '龙泉驿区'),
(51, '四川省', 5101, '成都市', '510113', '青白江区'),
(51, '四川省', 5101, '成都市', '510114', '新都区'),
(51, '四川省', 5101, '成都市', '510115', '温江区'),
(51, '四川省', 5101, '成都市', '510116', '双流区'),
(51, '四川省', 5101, '成都市', '510117', '郫都区'),
(51, '四川省', 5101, '成都市', '510121', '金堂县'),
(51, '四川省', 5101, '成都市', '510129', '大邑县'),
(51, '四川省', 5101, '成都市', '510131', '蒲江县'),
(51, '四川省', 5101, '成都市', '510132', '新津县'),
(51, '四川省', 5101, '成都市', '510181', '都江堰市'),
(51, '四川省', 5101, '成都市', '510182', '彭州市'),
(51, '四川省', 5101, '成都市', '510183', '邛崃市'),
(51, '四川省', 5101, '成都市', '510184', '崇州市'),
(51, '四川省', 5101, '成都市', '510185', '简阳市'),
(51, '四川省', 5103, '自贡市', '510302', '自流井区'),
(51, '四川省', 5103, '自贡市', '510303', '贡井区'),
(51, '四川省', 5103, '自贡市', '510304', '大安区'),
(51, '四川省', 5103, '自贡市', '510311', '沿滩区'),
(51, '四川省', 5103, '自贡市', '510321', '荣县'),
(51, '四川省', 5103, '自贡市', '510322', '富顺县'),
(51, '四川省', 5104, '攀枝花市', '510402', '东区'),
(51, '四川省', 5104, '攀枝花市', '510403', '西区'),
(51, '四川省', 5104, '攀枝花市', '510411', '仁和区'),
(51, '四川省', 5104, '攀枝花市', '510421', '米易县'),
(51, '四川省', 5104, '攀枝花市', '510422', '盐边县'),
(51, '四川省', 5105, '泸州市', '510502', '江阳区'),
(51, '四川省', 5105, '泸州市', '510503', '纳溪区'),
(51, '四川省', 5105, '泸州市', '510504', '龙马潭区'),
(51, '四川省', 5105, '泸州市', '510521', '泸县'),
(51, '四川省', 5105, '泸州市', '510522', '合江县'),
(51, '四川省', 5105, '泸州市', '510524', '叙永县'),
(51, '四川省', 5105, '泸州市', '510525', '古蔺县'),
(51, '四川省', 5106, '德阳市', '510603', '旌阳区'),
(51, '四川省', 5106, '德阳市', '510604', '罗江区'),
(51, '四川省', 5106, '德阳市', '510623', '中江县'),
(51, '四川省', 5106, '德阳市', '510681', '广汉市'),
(51, '四川省', 5106, '德阳市', '510682', '什邡市'),
(51, '四川省', 5106, '德阳市', '510683', '绵竹市'),
(51, '四川省', 5107, '绵阳市', '510703', '涪城区'),
(51, '四川省', 5107, '绵阳市', '510704', '游仙区'),
(51, '四川省', 5107, '绵阳市', '510705', '安州区'),
(51, '四川省', 5107, '绵阳市', '510722', '三台县'),
(51, '四川省', 5107, '绵阳市', '510723', '盐亭县'),
(51, '四川省', 5107, '绵阳市', '510725', '梓潼县'),
(51, '四川省', 5107, '绵阳市', '510726', '北川羌族自治县'),
(51, '四川省', 5107, '绵阳市', '510727', '平武县'),
(51, '四川省', 5107, '绵阳市', '510781', '江油市'),
(51, '四川省', 5108, '广元市', '510802', '利州区'),
(51, '四川省', 5108, '广元市', '510811', '昭化区'),
(51, '四川省', 5108, '广元市', '510812', '朝天区'),
(51, '四川省', 5108, '广元市', '510821', '旺苍县'),
(51, '四川省', 5108, '广元市', '510822', '青川县'),
(51, '四川省', 5108, '广元市', '510823', '剑阁县'),
(51, '四川省', 5108, '广元市', '510824', '苍溪县'),
(51, '四川省', 5109, '遂宁市', '510903', '船山区'),
(51, '四川省', 5109, '遂宁市', '510904', '安居区'),
(51, '四川省', 5109, '遂宁市', '510921', '蓬溪县'),
(51, '四川省', 5109, '遂宁市', '510922', '射洪县'),
(51, '四川省', 5109, '遂宁市', '510923', '大英县'),
(51, '四川省', 5110, '内江市', '511002', '市中区'),
(51, '四川省', 5110, '内江市', '511011', '东兴区'),
(51, '四川省', 5110, '内江市', '511024', '威远县'),
(51, '四川省', 5110, '内江市', '511025', '资中县'),
(51, '四川省', 5110, '内江市', '511071', '内江经济开发区'),
(51, '四川省', 5110, '内江市', '511083', '隆昌市'),
(51, '四川省', 5111, '乐山市', '511102', '市中区'),
(51, '四川省', 5111, '乐山市', '511111', '沙湾区'),
(51, '四川省', 5111, '乐山市', '511112', '五通桥区'),
(51, '四川省', 5111, '乐山市', '511113', '金口河区'),
(51, '四川省', 5111, '乐山市', '511123', '犍为县'),
(51, '四川省', 5111, '乐山市', '511124', '井研县'),
(51, '四川省', 5111, '乐山市', '511126', '夹江县'),
(51, '四川省', 5111, '乐山市', '511129', '沐川县'),
(51, '四川省', 5111, '乐山市', '511132', '峨边彝族自治县'),
(51, '四川省', 5111, '乐山市', '511133', '马边彝族自治县'),
(51, '四川省', 5111, '乐山市', '511181', '峨眉山市'),
(51, '四川省', 5113, '南充市', '511302', '顺庆区'),
(51, '四川省', 5113, '南充市', '511303', '高坪区'),
(51, '四川省', 5113, '南充市', '511304', '嘉陵区'),
(51, '四川省', 5113, '南充市', '511321', '南部县'),
(51, '四川省', 5113, '南充市', '511322', '营山县'),
(51, '四川省', 5113, '南充市', '511323', '蓬安县'),
(51, '四川省', 5113, '南充市', '511324', '仪陇县'),
(51, '四川省', 5113, '南充市', '511325', '西充县'),
(51, '四川省', 5113, '南充市', '511381', '阆中市'),
(51, '四川省', 5114, '眉山市', '511402', '东坡区'),
(51, '四川省', 5114, '眉山市', '511403', '彭山区'),
(51, '四川省', 5114, '眉山市', '511421', '仁寿县'),
(51, '四川省', 5114, '眉山市', '511423', '洪雅县'),
(51, '四川省', 5114, '眉山市', '511424', '丹棱县'),
(51, '四川省', 5114, '眉山市', '511425', '青神县'),
(51, '四川省', 5115, '宜宾市', '511502', '翠屏区'),
(51, '四川省', 5115, '宜宾市', '511503', '南溪区'),
(51, '四川省', 5115, '宜宾市', '511521', '宜宾县'),
(51, '四川省', 5115, '宜宾市', '511523', '江安县'),
(51, '四川省', 5115, '宜宾市', '511524', '长宁县'),
(51, '四川省', 5115, '宜宾市', '511525', '高县'),
(51, '四川省', 5115, '宜宾市', '511526', '珙县'),
(51, '四川省', 5115, '宜宾市', '511527', '筠连县'),
(51, '四川省', 5115, '宜宾市', '511528', '兴文县'),
(51, '四川省', 5115, '宜宾市', '511529', '屏山县'),
(51, '四川省', 5116, '广安市', '511602', '广安区'),
(51, '四川省', 5116, '广安市', '511603', '前锋区'),
(51, '四川省', 5116, '广安市', '511621', '岳池县'),
(51, '四川省', 5116, '广安市', '511622', '武胜县'),
(51, '四川省', 5116, '广安市', '511623', '邻水县'),
(51, '四川省', 5116, '广安市', '511681', '华蓥市'),
(51, '四川省', 5117, '达州市', '511702', '通川区'),
(51, '四川省', 5117, '达州市', '511703', '达川区'),
(51, '四川省', 5117, '达州市', '511722', '宣汉县'),
(51, '四川省', 5117, '达州市', '511723', '开江县'),
(51, '四川省', 5117, '达州市', '511724', '大竹县'),
(51, '四川省', 5117, '达州市', '511725', '渠县'),
(51, '四川省', 5117, '达州市', '511771', '达州经济开发区'),
(51, '四川省', 5117, '达州市', '511781', '万源市'),
(51, '四川省', 5118, '雅安市', '511802', '雨城区'),
(51, '四川省', 5118, '雅安市', '511803', '名山区'),
(51, '四川省', 5118, '雅安市', '511822', '荥经县'),
(51, '四川省', 5118, '雅安市', '511823', '汉源县'),
(51, '四川省', 5118, '雅安市', '511824', '石棉县'),
(51, '四川省', 5118, '雅安市', '511825', '天全县'),
(51, '四川省', 5118, '雅安市', '511826', '芦山县'),
(51, '四川省', 5118, '雅安市', '511827', '宝兴县'),
(51, '四川省', 5119, '巴中市', '511902', '巴州区'),
(51, '四川省', 5119, '巴中市', '511903', '恩阳区'),
(51, '四川省', 5119, '巴中市', '511921', '通江县'),
(51, '四川省', 5119, '巴中市', '511922', '南江县'),
(51, '四川省', 5119, '巴中市', '511923', '平昌县'),
(51, '四川省', 5119, '巴中市', '511971', '巴中经济开发区'),
(51, '四川省', 5120, '资阳市', '512002', '雁江区'),
(51, '四川省', 5120, '资阳市', '512021', '安岳县'),
(51, '四川省', 5120, '资阳市', '512022', '乐至县'),
(51, '四川省', 5132, '阿坝藏族羌族自治州', '513201', '马尔康市'),
(51, '四川省', 5132, '阿坝藏族羌族自治州', '513221', '汶川县'),
(51, '四川省', 5132, '阿坝藏族羌族自治州', '513222', '理县'),
(51, '四川省', 5132, '阿坝藏族羌族自治州', '513223', '茂县'),
(51, '四川省', 5132, '阿坝藏族羌族自治州', '513224', '松潘县'),
(51, '四川省', 5132, '阿坝藏族羌族自治州', '513225', '九寨沟县'),
(51, '四川省', 5132, '阿坝藏族羌族自治州', '513226', '金川县'),
(51, '四川省', 5132, '阿坝藏族羌族自治州', '513227', '小金县'),
(51, '四川省', 5132, '阿坝藏族羌族自治州', '513228', '黑水县'),
(51, '四川省', 5132, '阿坝藏族羌族自治州', '513230', '壤塘县'),
(51, '四川省', 5132, '阿坝藏族羌族自治州', '513231', '阿坝县'),
(51, '四川省', 5132, '阿坝藏族羌族自治州', '513232', '若尔盖县'),
(51, '四川省', 5132, '阿坝藏族羌族自治州', '513233', '红原县'),
(51, '四川省', 5133, '甘孜藏族自治州', '513301', '康定市');
INSERT INTO `dict_zone_county` (`province_code`, `province_name`, `city_code`, `city_name`, `county_code`, `county_name`) VALUES
(51, '四川省', 5133, '甘孜藏族自治州', '513322', '泸定县'),
(51, '四川省', 5133, '甘孜藏族自治州', '513323', '丹巴县'),
(51, '四川省', 5133, '甘孜藏族自治州', '513324', '九龙县'),
(51, '四川省', 5133, '甘孜藏族自治州', '513325', '雅江县'),
(51, '四川省', 5133, '甘孜藏族自治州', '513326', '道孚县'),
(51, '四川省', 5133, '甘孜藏族自治州', '513327', '炉霍县'),
(51, '四川省', 5133, '甘孜藏族自治州', '513328', '甘孜县'),
(51, '四川省', 5133, '甘孜藏族自治州', '513329', '新龙县'),
(51, '四川省', 5133, '甘孜藏族自治州', '513330', '德格县'),
(51, '四川省', 5133, '甘孜藏族自治州', '513331', '白玉县'),
(51, '四川省', 5133, '甘孜藏族自治州', '513333', '色达县'),
(51, '四川省', 5133, '甘孜藏族自治州', '513334', '理塘县'),
(51, '四川省', 5133, '甘孜藏族自治州', '513335', '巴塘县'),
(51, '四川省', 5133, '甘孜藏族自治州', '513336', '乡城县'),
(51, '四川省', 5133, '甘孜藏族自治州', '513337', '稻城县'),
(51, '四川省', 5133, '甘孜藏族自治州', '513338', '得荣县'),
(51, '四川省', 5134, '凉山彝族自治州', '513401', '西昌市'),
(51, '四川省', 5134, '凉山彝族自治州', '513422', '木里藏族自治县'),
(51, '四川省', 5134, '凉山彝族自治州', '513423', '盐源县'),
(51, '四川省', 5134, '凉山彝族自治州', '513424', '德昌县'),
(51, '四川省', 5134, '凉山彝族自治州', '513425', '会理县'),
(51, '四川省', 5134, '凉山彝族自治州', '513426', '会东县'),
(51, '四川省', 5134, '凉山彝族自治州', '513427', '宁南县'),
(51, '四川省', 5134, '凉山彝族自治州', '513428', '普格县'),
(51, '四川省', 5134, '凉山彝族自治州', '513429', '布拖县'),
(51, '四川省', 5134, '凉山彝族自治州', '513430', '金阳县'),
(51, '四川省', 5134, '凉山彝族自治州', '513431', '昭觉县'),
(51, '四川省', 5134, '凉山彝族自治州', '513432', '喜德县'),
(51, '四川省', 5134, '凉山彝族自治州', '513433', '冕宁县'),
(51, '四川省', 5134, '凉山彝族自治州', '513434', '越西县'),
(51, '四川省', 5134, '凉山彝族自治州', '513435', '甘洛县'),
(51, '四川省', 5134, '凉山彝族自治州', '513436', '美姑县'),
(51, '四川省', 5134, '凉山彝族自治州', '513437', '雷波县'),
(52, '贵州省', 5201, '贵阳市', '520102', '南明区'),
(52, '贵州省', 5201, '贵阳市', '520103', '云岩区'),
(52, '贵州省', 5201, '贵阳市', '520111', '花溪区'),
(52, '贵州省', 5201, '贵阳市', '520112', '乌当区'),
(52, '贵州省', 5201, '贵阳市', '520113', '白云区'),
(52, '贵州省', 5201, '贵阳市', '520115', '观山湖区'),
(52, '贵州省', 5201, '贵阳市', '520121', '开阳县'),
(52, '贵州省', 5201, '贵阳市', '520122', '息烽县'),
(52, '贵州省', 5201, '贵阳市', '520123', '修文县'),
(52, '贵州省', 5201, '贵阳市', '520181', '清镇市'),
(52, '贵州省', 5202, '六盘水市', '520201', '钟山区'),
(52, '贵州省', 5202, '六盘水市', '520203', '六枝特区'),
(52, '贵州省', 5202, '六盘水市', '520221', '水城县'),
(52, '贵州省', 5202, '六盘水市', '520281', '盘州市'),
(52, '贵州省', 5204, '安顺市', '520402', '西秀区'),
(52, '贵州省', 5204, '安顺市', '520403', '平坝区'),
(52, '贵州省', 5204, '安顺市', '520422', '普定县'),
(52, '贵州省', 5204, '安顺市', '520423', '镇宁布依族苗族自治县'),
(52, '贵州省', 5204, '安顺市', '520424', '关岭布依族苗族自治县'),
(52, '贵州省', 5204, '安顺市', '520425', '紫云苗族布依族自治县'),
(52, '贵州省', 5205, '毕节市', '520502', '七星关区'),
(52, '贵州省', 5205, '毕节市', '520521', '大方县'),
(52, '贵州省', 5205, '毕节市', '520522', '黔西县'),
(52, '贵州省', 5205, '毕节市', '520523', '金沙县'),
(52, '贵州省', 5205, '毕节市', '520524', '织金县'),
(52, '贵州省', 5205, '毕节市', '520525', '纳雍县'),
(52, '贵州省', 5205, '毕节市', '520526', '威宁彝族回族苗族自治县'),
(52, '贵州省', 5205, '毕节市', '520527', '赫章县'),
(52, '贵州省', 5206, '铜仁市', '520602', '碧江区'),
(52, '贵州省', 5206, '铜仁市', '520603', '万山区'),
(52, '贵州省', 5206, '铜仁市', '520621', '江口县'),
(52, '贵州省', 5206, '铜仁市', '520622', '玉屏侗族自治县'),
(52, '贵州省', 5206, '铜仁市', '520623', '石阡县'),
(52, '贵州省', 5206, '铜仁市', '520624', '思南县'),
(52, '贵州省', 5206, '铜仁市', '520625', '印江土家族苗族自治县'),
(52, '贵州省', 5206, '铜仁市', '520626', '德江县'),
(52, '贵州省', 5206, '铜仁市', '520627', '沿河土家族自治县'),
(52, '贵州省', 5206, '铜仁市', '520628', '松桃苗族自治县'),
(52, '贵州省', 5223, '黔西南布依族苗族自治州', '522301', '兴义市'),
(52, '贵州省', 5223, '黔西南布依族苗族自治州', '522322', '兴仁县'),
(52, '贵州省', 5223, '黔西南布依族苗族自治州', '522323', '普安县'),
(52, '贵州省', 5223, '黔西南布依族苗族自治州', '522324', '晴隆县'),
(52, '贵州省', 5223, '黔西南布依族苗族自治州', '522325', '贞丰县'),
(52, '贵州省', 5223, '黔西南布依族苗族自治州', '522326', '望谟县'),
(52, '贵州省', 5223, '黔西南布依族苗族自治州', '522327', '册亨县'),
(52, '贵州省', 5223, '黔西南布依族苗族自治州', '522328', '安龙县'),
(52, '贵州省', 5226, '黔东南苗族侗族自治州', '522601', '凯里市'),
(52, '贵州省', 5226, '黔东南苗族侗族自治州', '522622', '黄平县'),
(52, '贵州省', 5226, '黔东南苗族侗族自治州', '522623', '施秉县'),
(52, '贵州省', 5226, '黔东南苗族侗族自治州', '522624', '三穗县'),
(52, '贵州省', 5226, '黔东南苗族侗族自治州', '522625', '镇远县'),
(52, '贵州省', 5226, '黔东南苗族侗族自治州', '522626', '岑巩县'),
(52, '贵州省', 5226, '黔东南苗族侗族自治州', '522627', '天柱县'),
(52, '贵州省', 5226, '黔东南苗族侗族自治州', '522628', '锦屏县'),
(52, '贵州省', 5226, '黔东南苗族侗族自治州', '522629', '剑河县'),
(52, '贵州省', 5226, '黔东南苗族侗族自治州', '522630', '台江县'),
(52, '贵州省', 5226, '黔东南苗族侗族自治州', '522631', '黎平县'),
(52, '贵州省', 5226, '黔东南苗族侗族自治州', '522632', '榕江县'),
(52, '贵州省', 5226, '黔东南苗族侗族自治州', '522633', '从江县'),
(52, '贵州省', 5226, '黔东南苗族侗族自治州', '522634', '雷山县'),
(52, '贵州省', 5226, '黔东南苗族侗族自治州', '522635', '麻江县'),
(52, '贵州省', 5226, '黔东南苗族侗族自治州', '522636', '丹寨县'),
(52, '贵州省', 5227, '黔南布依族苗族自治州', '522701', '都匀市'),
(52, '贵州省', 5227, '黔南布依族苗族自治州', '522702', '福泉市'),
(52, '贵州省', 5227, '黔南布依族苗族自治州', '522722', '荔波县'),
(52, '贵州省', 5227, '黔南布依族苗族自治州', '522723', '贵定县'),
(52, '贵州省', 5227, '黔南布依族苗族自治州', '522725', '瓮安县'),
(52, '贵州省', 5227, '黔南布依族苗族自治州', '522726', '独山县'),
(52, '贵州省', 5227, '黔南布依族苗族自治州', '522727', '平塘县'),
(52, '贵州省', 5227, '黔南布依族苗族自治州', '522728', '罗甸县'),
(52, '贵州省', 5227, '黔南布依族苗族自治州', '522729', '长顺县'),
(52, '贵州省', 5227, '黔南布依族苗族自治州', '522730', '龙里县'),
(52, '贵州省', 5227, '黔南布依族苗族自治州', '522731', '惠水县'),
(52, '贵州省', 5227, '黔南布依族苗族自治州', '522732', '三都水族自治县'),
(53, '云南省', 5301, '昆明市', '530102', '五华区'),
(53, '云南省', 5301, '昆明市', '530103', '盘龙区'),
(53, '云南省', 5301, '昆明市', '530111', '官渡区'),
(53, '云南省', 5301, '昆明市', '530112', '西山区'),
(53, '云南省', 5301, '昆明市', '530113', '东川区'),
(53, '云南省', 5301, '昆明市', '530114', '呈贡区'),
(53, '云南省', 5301, '昆明市', '530115', '晋宁区'),
(53, '云南省', 5301, '昆明市', '530124', '富民县'),
(53, '云南省', 5301, '昆明市', '530125', '宜良县'),
(53, '云南省', 5301, '昆明市', '530126', '石林彝族自治县'),
(53, '云南省', 5301, '昆明市', '530127', '嵩明县'),
(53, '云南省', 5301, '昆明市', '530128', '禄劝彝族苗族自治县'),
(53, '云南省', 5301, '昆明市', '530129', '寻甸回族彝族自治县'),
(53, '云南省', 5301, '昆明市', '530181', '安宁市'),
(53, '云南省', 5303, '曲靖市', '530302', '麒麟区'),
(53, '云南省', 5303, '曲靖市', '530303', '沾益区'),
(53, '云南省', 5303, '曲靖市', '530321', '马龙县'),
(53, '云南省', 5303, '曲靖市', '530322', '陆良县'),
(53, '云南省', 5303, '曲靖市', '530323', '师宗县'),
(53, '云南省', 5303, '曲靖市', '530324', '罗平县'),
(53, '云南省', 5303, '曲靖市', '530325', '富源县'),
(53, '云南省', 5303, '曲靖市', '530326', '会泽县'),
(53, '云南省', 5303, '曲靖市', '530381', '宣威市'),
(53, '云南省', 5304, '玉溪市', '530402', '红塔区'),
(53, '云南省', 5304, '玉溪市', '530403', '江川区'),
(53, '云南省', 5304, '玉溪市', '530422', '澄江县'),
(53, '云南省', 5304, '玉溪市', '530423', '通海县'),
(53, '云南省', 5304, '玉溪市', '530424', '华宁县'),
(53, '云南省', 5304, '玉溪市', '530425', '易门县'),
(53, '云南省', 5304, '玉溪市', '530426', '峨山彝族自治县'),
(53, '云南省', 5304, '玉溪市', '530427', '新平彝族傣族自治县'),
(53, '云南省', 5304, '玉溪市', '530428', '元江哈尼族彝族傣族自治县'),
(53, '云南省', 5305, '保山市', '530502', '隆阳区'),
(53, '云南省', 5305, '保山市', '530521', '施甸县'),
(53, '云南省', 5305, '保山市', '530523', '龙陵县'),
(53, '云南省', 5305, '保山市', '530524', '昌宁县'),
(53, '云南省', 5305, '保山市', '530581', '腾冲市'),
(53, '云南省', 5306, '昭通市', '530602', '昭阳区'),
(53, '云南省', 5306, '昭通市', '530621', '鲁甸县'),
(53, '云南省', 5306, '昭通市', '530622', '巧家县'),
(53, '云南省', 5306, '昭通市', '530623', '盐津县'),
(53, '云南省', 5306, '昭通市', '530624', '大关县'),
(53, '云南省', 5306, '昭通市', '530625', '永善县'),
(53, '云南省', 5306, '昭通市', '530626', '绥江县'),
(53, '云南省', 5306, '昭通市', '530627', '镇雄县'),
(53, '云南省', 5306, '昭通市', '530628', '彝良县'),
(53, '云南省', 5306, '昭通市', '530629', '威信县'),
(53, '云南省', 5306, '昭通市', '530630', '水富县'),
(53, '云南省', 5307, '丽江市', '530702', '古城区'),
(53, '云南省', 5307, '丽江市', '530721', '玉龙纳西族自治县'),
(53, '云南省', 5307, '丽江市', '530722', '永胜县'),
(53, '云南省', 5307, '丽江市', '530723', '华坪县'),
(53, '云南省', 5307, '丽江市', '530724', '宁蒗彝族自治县'),
(53, '云南省', 5308, '普洱市', '530802', '思茅区'),
(53, '云南省', 5308, '普洱市', '530821', '宁洱哈尼族彝族自治县'),
(53, '云南省', 5308, '普洱市', '530822', '墨江哈尼族自治县'),
(53, '云南省', 5308, '普洱市', '530823', '景东彝族自治县'),
(53, '云南省', 5308, '普洱市', '530824', '景谷傣族彝族自治县'),
(53, '云南省', 5308, '普洱市', '530825', '镇沅彝族哈尼族拉祜族自治县'),
(53, '云南省', 5308, '普洱市', '530826', '江城哈尼族彝族自治县'),
(53, '云南省', 5308, '普洱市', '530827', '孟连傣族拉祜族佤族自治县'),
(53, '云南省', 5308, '普洱市', '530828', '澜沧拉祜族自治县'),
(53, '云南省', 5308, '普洱市', '530829', '西盟佤族自治县'),
(53, '云南省', 5309, '临沧市', '530902', '临翔区'),
(53, '云南省', 5309, '临沧市', '530921', '凤庆县'),
(53, '云南省', 5309, '临沧市', '530922', '云县'),
(53, '云南省', 5309, '临沧市', '530923', '永德县'),
(53, '云南省', 5309, '临沧市', '530924', '镇康县'),
(53, '云南省', 5309, '临沧市', '530925', '双江拉祜族佤族布朗族傣族自治县'),
(53, '云南省', 5309, '临沧市', '530926', '耿马傣族佤族自治县'),
(53, '云南省', 5309, '临沧市', '530927', '沧源佤族自治县'),
(53, '云南省', 5323, '楚雄彝族自治州', '532301', '楚雄市'),
(53, '云南省', 5323, '楚雄彝族自治州', '532322', '双柏县'),
(53, '云南省', 5323, '楚雄彝族自治州', '532323', '牟定县'),
(53, '云南省', 5323, '楚雄彝族自治州', '532324', '南华县'),
(53, '云南省', 5323, '楚雄彝族自治州', '532325', '姚安县'),
(53, '云南省', 5323, '楚雄彝族自治州', '532326', '大姚县'),
(53, '云南省', 5323, '楚雄彝族自治州', '532327', '永仁县'),
(53, '云南省', 5323, '楚雄彝族自治州', '532328', '元谋县'),
(53, '云南省', 5323, '楚雄彝族自治州', '532329', '武定县'),
(53, '云南省', 5323, '楚雄彝族自治州', '532331', '禄丰县'),
(53, '云南省', 5325, '红河哈尼族彝族自治州', '532501', '个旧市'),
(53, '云南省', 5325, '红河哈尼族彝族自治州', '532502', '开远市'),
(53, '云南省', 5325, '红河哈尼族彝族自治州', '532503', '蒙自市'),
(53, '云南省', 5325, '红河哈尼族彝族自治州', '532504', '弥勒市'),
(53, '云南省', 5325, '红河哈尼族彝族自治州', '532523', '屏边苗族自治县'),
(53, '云南省', 5325, '红河哈尼族彝族自治州', '532524', '建水县'),
(53, '云南省', 5325, '红河哈尼族彝族自治州', '532525', '石屏县'),
(53, '云南省', 5325, '红河哈尼族彝族自治州', '532527', '泸西县'),
(53, '云南省', 5325, '红河哈尼族彝族自治州', '532528', '元阳县'),
(53, '云南省', 5325, '红河哈尼族彝族自治州', '532529', '红河县'),
(53, '云南省', 5325, '红河哈尼族彝族自治州', '532530', '金平苗族瑶族傣族自治县'),
(53, '云南省', 5325, '红河哈尼族彝族自治州', '532531', '绿春县'),
(53, '云南省', 5325, '红河哈尼族彝族自治州', '532532', '河口瑶族自治县'),
(53, '云南省', 5326, '文山壮族苗族自治州', '532601', '文山市'),
(53, '云南省', 5326, '文山壮族苗族自治州', '532622', '砚山县'),
(53, '云南省', 5326, '文山壮族苗族自治州', '532623', '西畴县'),
(53, '云南省', 5326, '文山壮族苗族自治州', '532624', '麻栗坡县'),
(53, '云南省', 5326, '文山壮族苗族自治州', '532625', '马关县'),
(53, '云南省', 5326, '文山壮族苗族自治州', '532626', '丘北县'),
(53, '云南省', 5326, '文山壮族苗族自治州', '532627', '广南县'),
(53, '云南省', 5326, '文山壮族苗族自治州', '532628', '富宁县'),
(53, '云南省', 5328, '西双版纳傣族自治州', '532801', '景洪市'),
(53, '云南省', 5328, '西双版纳傣族自治州', '532822', '勐海县'),
(53, '云南省', 5328, '西双版纳傣族自治州', '532823', '勐腊县'),
(53, '云南省', 5329, '大理白族自治州', '532901', '大理市'),
(53, '云南省', 5329, '大理白族自治州', '532922', '漾濞彝族自治县'),
(53, '云南省', 5329, '大理白族自治州', '532923', '祥云县'),
(53, '云南省', 5329, '大理白族自治州', '532924', '宾川县'),
(53, '云南省', 5329, '大理白族自治州', '532925', '弥渡县'),
(53, '云南省', 5329, '大理白族自治州', '532926', '南涧彝族自治县'),
(53, '云南省', 5329, '大理白族自治州', '532927', '巍山彝族回族自治县'),
(53, '云南省', 5329, '大理白族自治州', '532928', '永平县'),
(53, '云南省', 5329, '大理白族自治州', '532929', '云龙县'),
(53, '云南省', 5329, '大理白族自治州', '532930', '洱源县'),
(53, '云南省', 5329, '大理白族自治州', '532931', '剑川县'),
(53, '云南省', 5329, '大理白族自治州', '532932', '鹤庆县'),
(53, '云南省', 5331, '德宏傣族景颇族自治州', '533102', '瑞丽市'),
(53, '云南省', 5331, '德宏傣族景颇族自治州', '533103', '芒市'),
(53, '云南省', 5331, '德宏傣族景颇族自治州', '533122', '梁河县'),
(53, '云南省', 5331, '德宏傣族景颇族自治州', '533123', '盈江县'),
(53, '云南省', 5331, '德宏傣族景颇族自治州', '533124', '陇川县'),
(53, '云南省', 5333, '怒江傈僳族自治州', '533301', '泸水市'),
(53, '云南省', 5333, '怒江傈僳族自治州', '533323', '福贡县'),
(53, '云南省', 5333, '怒江傈僳族自治州', '533324', '贡山独龙族怒族自治县'),
(53, '云南省', 5333, '怒江傈僳族自治州', '533325', '兰坪白族普米族自治县'),
(53, '云南省', 5334, '迪庆藏族自治州', '533401', '香格里拉市'),
(53, '云南省', 5334, '迪庆藏族自治州', '533422', '德钦县'),
(53, '云南省', 5334, '迪庆藏族自治州', '533423', '维西傈僳族自治县'),
(54, '西藏自治区', 5401, '拉萨市', '540102', '城关区'),
(54, '西藏自治区', 5401, '拉萨市', '540103', '堆龙德庆区'),
(54, '西藏自治区', 5401, '拉萨市', '540121', '林周县'),
(54, '西藏自治区', 5401, '拉萨市', '540122', '当雄县'),
(54, '西藏自治区', 5401, '拉萨市', '540123', '尼木县'),
(54, '西藏自治区', 5401, '拉萨市', '540124', '曲水县'),
(54, '西藏自治区', 5401, '拉萨市', '540126', '达孜县'),
(54, '西藏自治区', 5401, '拉萨市', '540127', '墨竹工卡县'),
(54, '西藏自治区', 5401, '拉萨市', '540171', '格尔木藏青工业园区'),
(54, '西藏自治区', 5401, '拉萨市', '540172', '拉萨经济技术开发区'),
(54, '西藏自治区', 5401, '拉萨市', '540173', '西藏文化旅游创意园区'),
(54, '西藏自治区', 5401, '拉萨市', '540174', '达孜工业园区'),
(54, '西藏自治区', 5402, '日喀则市', '540202', '桑珠孜区'),
(54, '西藏自治区', 5402, '日喀则市', '540221', '南木林县'),
(54, '西藏自治区', 5402, '日喀则市', '540222', '江孜县'),
(54, '西藏自治区', 5402, '日喀则市', '540223', '定日县'),
(54, '西藏自治区', 5402, '日喀则市', '540224', '萨迦县'),
(54, '西藏自治区', 5402, '日喀则市', '540225', '拉孜县'),
(54, '西藏自治区', 5402, '日喀则市', '540226', '昂仁县'),
(54, '西藏自治区', 5402, '日喀则市', '540227', '谢通门县'),
(54, '西藏自治区', 5402, '日喀则市', '540228', '白朗县'),
(54, '西藏自治区', 5402, '日喀则市', '540229', '仁布县'),
(54, '西藏自治区', 5402, '日喀则市', '540230', '康马县'),
(54, '西藏自治区', 5402, '日喀则市', '540231', '定结县'),
(54, '西藏自治区', 5402, '日喀则市', '540232', '仲巴县'),
(54, '西藏自治区', 5402, '日喀则市', '540233', '亚东县'),
(54, '西藏自治区', 5402, '日喀则市', '540234', '吉隆县'),
(54, '西藏自治区', 5402, '日喀则市', '540235', '聂拉木县'),
(54, '西藏自治区', 5402, '日喀则市', '540236', '萨嘎县'),
(54, '西藏自治区', 5402, '日喀则市', '540237', '岗巴县'),
(54, '西藏自治区', 5403, '昌都市', '540302', '卡若区'),
(54, '西藏自治区', 5403, '昌都市', '540321', '江达县'),
(54, '西藏自治区', 5403, '昌都市', '540322', '贡觉县'),
(54, '西藏自治区', 5403, '昌都市', '540323', '类乌齐县'),
(54, '西藏自治区', 5403, '昌都市', '540324', '丁青县'),
(54, '西藏自治区', 5403, '昌都市', '540325', '察雅县'),
(54, '西藏自治区', 5403, '昌都市', '540326', '八宿县'),
(54, '西藏自治区', 5403, '昌都市', '540327', '左贡县'),
(54, '西藏自治区', 5403, '昌都市', '540328', '芒康县'),
(54, '西藏自治区', 5403, '昌都市', '540329', '洛隆县'),
(54, '西藏自治区', 5403, '昌都市', '540330', '边坝县'),
(54, '西藏自治区', 5404, '林芝市', '540402', '巴宜区'),
(54, '西藏自治区', 5404, '林芝市', '540421', '工布江达县'),
(54, '西藏自治区', 5404, '林芝市', '540422', '米林县'),
(54, '西藏自治区', 5404, '林芝市', '540423', '墨脱县'),
(54, '西藏自治区', 5404, '林芝市', '540424', '波密县'),
(54, '西藏自治区', 5404, '林芝市', '540425', '察隅县'),
(54, '西藏自治区', 5404, '林芝市', '540426', '朗县'),
(54, '西藏自治区', 5405, '山南市', '540502', '乃东区'),
(54, '西藏自治区', 5405, '山南市', '540521', '扎囊县'),
(54, '西藏自治区', 5405, '山南市', '540522', '贡嘎县'),
(54, '西藏自治区', 5405, '山南市', '540523', '桑日县'),
(54, '西藏自治区', 5405, '山南市', '540524', '琼结县'),
(54, '西藏自治区', 5405, '山南市', '540525', '曲松县'),
(54, '西藏自治区', 5405, '山南市', '540526', '措美县'),
(54, '西藏自治区', 5405, '山南市', '540527', '洛扎县'),
(54, '西藏自治区', 5405, '山南市', '540528', '加查县'),
(54, '西藏自治区', 5405, '山南市', '540529', '隆子县'),
(54, '西藏自治区', 5405, '山南市', '540530', '错那县'),
(54, '西藏自治区', 5405, '山南市', '540531', '浪卡子县'),
(54, '西藏自治区', 5424, '那曲地区', '542421', '那曲县'),
(54, '西藏自治区', 5424, '那曲地区', '542422', '嘉黎县'),
(54, '西藏自治区', 5424, '那曲地区', '542423', '比如县'),
(54, '西藏自治区', 5424, '那曲地区', '542424', '聂荣县'),
(54, '西藏自治区', 5424, '那曲地区', '542425', '安多县'),
(54, '西藏自治区', 5424, '那曲地区', '542426', '申扎县'),
(54, '西藏自治区', 5424, '那曲地区', '542427', '索县'),
(54, '西藏自治区', 5424, '那曲地区', '542428', '班戈县'),
(54, '西藏自治区', 5424, '那曲地区', '542429', '巴青县'),
(54, '西藏自治区', 5424, '那曲地区', '542430', '尼玛县'),
(54, '西藏自治区', 5424, '那曲地区', '542431', '双湖县'),
(54, '西藏自治区', 5425, '阿里地区', '542521', '普兰县'),
(54, '西藏自治区', 5425, '阿里地区', '542522', '札达县'),
(54, '西藏自治区', 5425, '阿里地区', '542523', '噶尔县'),
(54, '西藏自治区', 5425, '阿里地区', '542524', '日土县'),
(54, '西藏自治区', 5425, '阿里地区', '542525', '革吉县'),
(54, '西藏自治区', 5425, '阿里地区', '542526', '改则县'),
(54, '西藏自治区', 5425, '阿里地区', '542527', '措勤县'),
(61, '陕西省', 6101, '西安市', '610102', '新城区'),
(61, '陕西省', 6101, '西安市', '610103', '碑林区'),
(61, '陕西省', 6101, '西安市', '610104', '莲湖区'),
(61, '陕西省', 6101, '西安市', '610111', '灞桥区'),
(61, '陕西省', 6101, '西安市', '610112', '未央区'),
(61, '陕西省', 6101, '西安市', '610113', '雁塔区'),
(61, '陕西省', 6101, '西安市', '610114', '阎良区'),
(61, '陕西省', 6101, '西安市', '610115', '临潼区'),
(61, '陕西省', 6101, '西安市', '610116', '长安区'),
(61, '陕西省', 6101, '西安市', '610117', '高陵区'),
(61, '陕西省', 6101, '西安市', '610118', '鄠邑区'),
(61, '陕西省', 6101, '西安市', '610122', '蓝田县'),
(61, '陕西省', 6101, '西安市', '610124', '周至县'),
(61, '陕西省', 6102, '铜川市', '610202', '王益区'),
(61, '陕西省', 6102, '铜川市', '610203', '印台区'),
(61, '陕西省', 6102, '铜川市', '610204', '耀州区'),
(61, '陕西省', 6102, '铜川市', '610222', '宜君县'),
(61, '陕西省', 6103, '宝鸡市', '610302', '渭滨区'),
(61, '陕西省', 6103, '宝鸡市', '610303', '金台区'),
(61, '陕西省', 6103, '宝鸡市', '610304', '陈仓区'),
(61, '陕西省', 6103, '宝鸡市', '610322', '凤翔县'),
(61, '陕西省', 6103, '宝鸡市', '610323', '岐山县'),
(61, '陕西省', 6103, '宝鸡市', '610324', '扶风县'),
(61, '陕西省', 6103, '宝鸡市', '610326', '眉县'),
(61, '陕西省', 6103, '宝鸡市', '610327', '陇县'),
(61, '陕西省', 6103, '宝鸡市', '610328', '千阳县'),
(61, '陕西省', 6103, '宝鸡市', '610329', '麟游县'),
(61, '陕西省', 6103, '宝鸡市', '610330', '凤县'),
(61, '陕西省', 6103, '宝鸡市', '610331', '太白县'),
(61, '陕西省', 6104, '咸阳市', '610402', '秦都区'),
(61, '陕西省', 6104, '咸阳市', '610403', '杨陵区'),
(61, '陕西省', 6104, '咸阳市', '610404', '渭城区'),
(61, '陕西省', 6104, '咸阳市', '610422', '三原县'),
(61, '陕西省', 6104, '咸阳市', '610423', '泾阳县'),
(61, '陕西省', 6104, '咸阳市', '610424', '乾县'),
(61, '陕西省', 6104, '咸阳市', '610425', '礼泉县'),
(61, '陕西省', 6104, '咸阳市', '610426', '永寿县'),
(61, '陕西省', 6104, '咸阳市', '610427', '彬县'),
(61, '陕西省', 6104, '咸阳市', '610428', '长武县'),
(61, '陕西省', 6104, '咸阳市', '610429', '旬邑县'),
(61, '陕西省', 6104, '咸阳市', '610430', '淳化县'),
(61, '陕西省', 6104, '咸阳市', '610431', '武功县'),
(61, '陕西省', 6104, '咸阳市', '610481', '兴平市'),
(61, '陕西省', 6105, '渭南市', '610502', '临渭区'),
(61, '陕西省', 6105, '渭南市', '610503', '华州区'),
(61, '陕西省', 6105, '渭南市', '610522', '潼关县'),
(61, '陕西省', 6105, '渭南市', '610523', '大荔县'),
(61, '陕西省', 6105, '渭南市', '610524', '合阳县'),
(61, '陕西省', 6105, '渭南市', '610525', '澄城县'),
(61, '陕西省', 6105, '渭南市', '610526', '蒲城县'),
(61, '陕西省', 6105, '渭南市', '610527', '白水县'),
(61, '陕西省', 6105, '渭南市', '610528', '富平县'),
(61, '陕西省', 6105, '渭南市', '610581', '韩城市'),
(61, '陕西省', 6105, '渭南市', '610582', '华阴市'),
(61, '陕西省', 6106, '延安市', '610602', '宝塔区'),
(61, '陕西省', 6106, '延安市', '610603', '安塞区'),
(61, '陕西省', 6106, '延安市', '610621', '延长县'),
(61, '陕西省', 6106, '延安市', '610622', '延川县'),
(61, '陕西省', 6106, '延安市', '610623', '子长县'),
(61, '陕西省', 6106, '延安市', '610625', '志丹县'),
(61, '陕西省', 6106, '延安市', '610626', '吴起县'),
(61, '陕西省', 6106, '延安市', '610627', '甘泉县'),
(61, '陕西省', 6106, '延安市', '610628', '富县'),
(61, '陕西省', 6106, '延安市', '610629', '洛川县'),
(61, '陕西省', 6106, '延安市', '610630', '宜川县'),
(61, '陕西省', 6106, '延安市', '610631', '黄龙县'),
(61, '陕西省', 6106, '延安市', '610632', '黄陵县'),
(61, '陕西省', 6107, '汉中市', '610702', '汉台区'),
(61, '陕西省', 6107, '汉中市', '610703', '南郑区'),
(61, '陕西省', 6107, '汉中市', '610722', '城固县'),
(61, '陕西省', 6107, '汉中市', '610723', '洋县'),
(61, '陕西省', 6107, '汉中市', '610724', '西乡县'),
(61, '陕西省', 6107, '汉中市', '610725', '勉县'),
(61, '陕西省', 6107, '汉中市', '610726', '宁强县'),
(61, '陕西省', 6107, '汉中市', '610727', '略阳县'),
(61, '陕西省', 6107, '汉中市', '610728', '镇巴县'),
(61, '陕西省', 6107, '汉中市', '610729', '留坝县'),
(61, '陕西省', 6107, '汉中市', '610730', '佛坪县'),
(61, '陕西省', 6108, '榆林市', '610802', '榆阳区'),
(61, '陕西省', 6108, '榆林市', '610803', '横山区'),
(61, '陕西省', 6108, '榆林市', '610822', '府谷县'),
(61, '陕西省', 6108, '榆林市', '610824', '靖边县'),
(61, '陕西省', 6108, '榆林市', '610825', '定边县'),
(61, '陕西省', 6108, '榆林市', '610826', '绥德县'),
(61, '陕西省', 6108, '榆林市', '610827', '米脂县'),
(61, '陕西省', 6108, '榆林市', '610828', '佳县'),
(61, '陕西省', 6108, '榆林市', '610829', '吴堡县'),
(61, '陕西省', 6108, '榆林市', '610830', '清涧县'),
(61, '陕西省', 6108, '榆林市', '610831', '子洲县'),
(61, '陕西省', 6108, '榆林市', '610881', '神木市'),
(61, '陕西省', 6109, '安康市', '610902', '汉滨区'),
(61, '陕西省', 6109, '安康市', '610921', '汉阴县'),
(61, '陕西省', 6109, '安康市', '610922', '石泉县'),
(61, '陕西省', 6109, '安康市', '610923', '宁陕县'),
(61, '陕西省', 6109, '安康市', '610924', '紫阳县'),
(61, '陕西省', 6109, '安康市', '610925', '岚皋县'),
(61, '陕西省', 6109, '安康市', '610926', '平利县'),
(61, '陕西省', 6109, '安康市', '610927', '镇坪县'),
(61, '陕西省', 6109, '安康市', '610928', '旬阳县'),
(61, '陕西省', 6109, '安康市', '610929', '白河县'),
(61, '陕西省', 6110, '商洛市', '611002', '商州区'),
(61, '陕西省', 6110, '商洛市', '611021', '洛南县'),
(61, '陕西省', 6110, '商洛市', '611022', '丹凤县'),
(61, '陕西省', 6110, '商洛市', '611023', '商南县'),
(61, '陕西省', 6110, '商洛市', '611024', '山阳县'),
(61, '陕西省', 6110, '商洛市', '611025', '镇安县'),
(61, '陕西省', 6110, '商洛市', '611026', '柞水县'),
(62, '甘肃省', 6201, '兰州市', '620102', '城关区'),
(62, '甘肃省', 6201, '兰州市', '620103', '七里河区'),
(62, '甘肃省', 6201, '兰州市', '620104', '西固区'),
(62, '甘肃省', 6201, '兰州市', '620105', '安宁区'),
(62, '甘肃省', 6201, '兰州市', '620111', '红古区'),
(62, '甘肃省', 6201, '兰州市', '620121', '永登县'),
(62, '甘肃省', 6201, '兰州市', '620122', '皋兰县'),
(62, '甘肃省', 6201, '兰州市', '620123', '榆中县'),
(62, '甘肃省', 6201, '兰州市', '620171', '兰州新区'),
(62, '甘肃省', 6202, '嘉峪关市', '620201', '市辖区'),
(62, '甘肃省', 6203, '金昌市', '620302', '金川区'),
(62, '甘肃省', 6203, '金昌市', '620321', '永昌县'),
(62, '甘肃省', 6204, '白银市', '620402', '白银区'),
(62, '甘肃省', 6204, '白银市', '620403', '平川区'),
(62, '甘肃省', 6204, '白银市', '620421', '靖远县'),
(62, '甘肃省', 6204, '白银市', '620422', '会宁县'),
(62, '甘肃省', 6204, '白银市', '620423', '景泰县'),
(62, '甘肃省', 6205, '天水市', '620502', '秦州区'),
(62, '甘肃省', 6205, '天水市', '620503', '麦积区'),
(62, '甘肃省', 6205, '天水市', '620521', '清水县'),
(62, '甘肃省', 6205, '天水市', '620522', '秦安县'),
(62, '甘肃省', 6205, '天水市', '620523', '甘谷县'),
(62, '甘肃省', 6205, '天水市', '620524', '武山县'),
(62, '甘肃省', 6205, '天水市', '620525', '张家川回族自治县'),
(62, '甘肃省', 6206, '武威市', '620602', '凉州区'),
(62, '甘肃省', 6206, '武威市', '620621', '民勤县'),
(62, '甘肃省', 6206, '武威市', '620622', '古浪县'),
(62, '甘肃省', 6206, '武威市', '620623', '天祝藏族自治县'),
(62, '甘肃省', 6207, '张掖市', '620702', '甘州区'),
(62, '甘肃省', 6207, '张掖市', '620721', '肃南裕固族自治县'),
(62, '甘肃省', 6207, '张掖市', '620722', '民乐县'),
(62, '甘肃省', 6207, '张掖市', '620723', '临泽县'),
(62, '甘肃省', 6207, '张掖市', '620724', '高台县'),
(62, '甘肃省', 6207, '张掖市', '620725', '山丹县'),
(62, '甘肃省', 6208, '平凉市', '620802', '崆峒区'),
(62, '甘肃省', 6208, '平凉市', '620821', '泾川县'),
(62, '甘肃省', 6208, '平凉市', '620822', '灵台县'),
(62, '甘肃省', 6208, '平凉市', '620823', '崇信县'),
(62, '甘肃省', 6208, '平凉市', '620824', '华亭县'),
(62, '甘肃省', 6208, '平凉市', '620825', '庄浪县'),
(62, '甘肃省', 6208, '平凉市', '620826', '静宁县'),
(62, '甘肃省', 6208, '平凉市', '620871', '平凉工业园区'),
(62, '甘肃省', 6209, '酒泉市', '620902', '肃州区'),
(62, '甘肃省', 6209, '酒泉市', '620921', '金塔县'),
(62, '甘肃省', 6209, '酒泉市', '620922', '瓜州县'),
(62, '甘肃省', 6209, '酒泉市', '620923', '肃北蒙古族自治县'),
(62, '甘肃省', 6209, '酒泉市', '620924', '阿克塞哈萨克族自治县'),
(62, '甘肃省', 6209, '酒泉市', '620981', '玉门市'),
(62, '甘肃省', 6209, '酒泉市', '620982', '敦煌市'),
(62, '甘肃省', 6210, '庆阳市', '621002', '西峰区'),
(62, '甘肃省', 6210, '庆阳市', '621021', '庆城县'),
(62, '甘肃省', 6210, '庆阳市', '621022', '环县'),
(62, '甘肃省', 6210, '庆阳市', '621023', '华池县'),
(62, '甘肃省', 6210, '庆阳市', '621024', '合水县'),
(62, '甘肃省', 6210, '庆阳市', '621025', '正宁县'),
(62, '甘肃省', 6210, '庆阳市', '621026', '宁县'),
(62, '甘肃省', 6210, '庆阳市', '621027', '镇原县'),
(62, '甘肃省', 6211, '定西市', '621102', '安定区'),
(62, '甘肃省', 6211, '定西市', '621121', '通渭县'),
(62, '甘肃省', 6211, '定西市', '621122', '陇西县'),
(62, '甘肃省', 6211, '定西市', '621123', '渭源县'),
(62, '甘肃省', 6211, '定西市', '621124', '临洮县'),
(62, '甘肃省', 6211, '定西市', '621125', '漳县'),
(62, '甘肃省', 6211, '定西市', '621126', '岷县'),
(62, '甘肃省', 6212, '陇南市', '621202', '武都区'),
(62, '甘肃省', 6212, '陇南市', '621221', '成县'),
(62, '甘肃省', 6212, '陇南市', '621222', '文县'),
(62, '甘肃省', 6212, '陇南市', '621223', '宕昌县'),
(62, '甘肃省', 6212, '陇南市', '621224', '康县'),
(62, '甘肃省', 6212, '陇南市', '621225', '西和县'),
(62, '甘肃省', 6212, '陇南市', '621226', '礼县'),
(62, '甘肃省', 6212, '陇南市', '621227', '徽县'),
(62, '甘肃省', 6212, '陇南市', '621228', '两当县'),
(62, '甘肃省', 6229, '临夏回族自治州', '622901', '临夏市'),
(62, '甘肃省', 6229, '临夏回族自治州', '622921', '临夏县'),
(62, '甘肃省', 6229, '临夏回族自治州', '622922', '康乐县'),
(62, '甘肃省', 6229, '临夏回族自治州', '622923', '永靖县'),
(62, '甘肃省', 6229, '临夏回族自治州', '622924', '广河县'),
(62, '甘肃省', 6229, '临夏回族自治州', '622925', '和政县'),
(62, '甘肃省', 6229, '临夏回族自治州', '622926', '东乡族自治县'),
(62, '甘肃省', 6229, '临夏回族自治州', '622927', '积石山保安族东乡族撒拉族自治县'),
(62, '甘肃省', 6230, '甘南藏族自治州', '623001', '合作市'),
(62, '甘肃省', 6230, '甘南藏族自治州', '623021', '临潭县'),
(62, '甘肃省', 6230, '甘南藏族自治州', '623022', '卓尼县'),
(62, '甘肃省', 6230, '甘南藏族自治州', '623023', '舟曲县'),
(62, '甘肃省', 6230, '甘南藏族自治州', '623024', '迭部县'),
(62, '甘肃省', 6230, '甘南藏族自治州', '623025', '玛曲县'),
(62, '甘肃省', 6230, '甘南藏族自治州', '623026', '碌曲县'),
(62, '甘肃省', 6230, '甘南藏族自治州', '623027', '夏河县'),
(63, '青海省', 6301, '西宁市', '630102', '城东区'),
(63, '青海省', 6301, '西宁市', '630103', '城中区'),
(63, '青海省', 6301, '西宁市', '630104', '城西区'),
(63, '青海省', 6301, '西宁市', '630105', '城北区'),
(63, '青海省', 6301, '西宁市', '630121', '大通回族土族自治县'),
(63, '青海省', 6301, '西宁市', '630122', '湟中县'),
(63, '青海省', 6301, '西宁市', '630123', '湟源县'),
(63, '青海省', 6302, '海东市', '630202', '乐都区'),
(63, '青海省', 6302, '海东市', '630203', '平安区'),
(63, '青海省', 6302, '海东市', '630222', '民和回族土族自治县'),
(63, '青海省', 6302, '海东市', '630223', '互助土族自治县'),
(63, '青海省', 6302, '海东市', '630224', '化隆回族自治县'),
(63, '青海省', 6302, '海东市', '630225', '循化撒拉族自治县'),
(63, '青海省', 6322, '海北藏族自治州', '632221', '门源回族自治县'),
(63, '青海省', 6322, '海北藏族自治州', '632222', '祁连县'),
(63, '青海省', 6322, '海北藏族自治州', '632223', '海晏县'),
(63, '青海省', 6322, '海北藏族自治州', '632224', '刚察县'),
(63, '青海省', 6323, '黄南藏族自治州', '632321', '同仁县'),
(63, '青海省', 6323, '黄南藏族自治州', '632322', '尖扎县'),
(63, '青海省', 6323, '黄南藏族自治州', '632323', '泽库县'),
(63, '青海省', 6323, '黄南藏族自治州', '632324', '河南蒙古族自治县'),
(63, '青海省', 6325, '海南藏族自治州', '632521', '共和县'),
(63, '青海省', 6325, '海南藏族自治州', '632522', '同德县'),
(63, '青海省', 6325, '海南藏族自治州', '632523', '贵德县'),
(63, '青海省', 6325, '海南藏族自治州', '632524', '兴海县'),
(63, '青海省', 6325, '海南藏族自治州', '632525', '贵南县'),
(63, '青海省', 6326, '果洛藏族自治州', '632621', '玛沁县'),
(63, '青海省', 6326, '果洛藏族自治州', '632622', '班玛县'),
(63, '青海省', 6326, '果洛藏族自治州', '632623', '甘德县'),
(63, '青海省', 6326, '果洛藏族自治州', '632624', '达日县'),
(63, '青海省', 6326, '果洛藏族自治州', '632625', '久治县'),
(63, '青海省', 6326, '果洛藏族自治州', '632626', '玛多县'),
(63, '青海省', 6327, '玉树藏族自治州', '632701', '玉树市'),
(63, '青海省', 6327, '玉树藏族自治州', '632722', '杂多县'),
(63, '青海省', 6327, '玉树藏族自治州', '632723', '称多县'),
(63, '青海省', 6327, '玉树藏族自治州', '632724', '治多县'),
(63, '青海省', 6327, '玉树藏族自治州', '632725', '囊谦县'),
(63, '青海省', 6327, '玉树藏族自治州', '632726', '曲麻莱县'),
(63, '青海省', 6328, '海西蒙古族藏族自治州', '632801', '格尔木市'),
(63, '青海省', 6328, '海西蒙古族藏族自治州', '632802', '德令哈市'),
(63, '青海省', 6328, '海西蒙古族藏族自治州', '632821', '乌兰县'),
(63, '青海省', 6328, '海西蒙古族藏族自治州', '632822', '都兰县'),
(63, '青海省', 6328, '海西蒙古族藏族自治州', '632823', '天峻县'),
(63, '青海省', 6328, '海西蒙古族藏族自治州', '632857', '大柴旦行政委员会'),
(63, '青海省', 6328, '海西蒙古族藏族自治州', '632858', '冷湖行政委员会'),
(63, '青海省', 6328, '海西蒙古族藏族自治州', '632859', '茫崖行政委员会'),
(64, '宁夏回族自治区', 6401, '银川市', '640104', '兴庆区'),
(64, '宁夏回族自治区', 6401, '银川市', '640105', '西夏区'),
(64, '宁夏回族自治区', 6401, '银川市', '640106', '金凤区'),
(64, '宁夏回族自治区', 6401, '银川市', '640121', '永宁县'),
(64, '宁夏回族自治区', 6401, '银川市', '640122', '贺兰县'),
(64, '宁夏回族自治区', 6401, '银川市', '640181', '灵武市'),
(64, '宁夏回族自治区', 6402, '石嘴山市', '640202', '大武口区'),
(64, '宁夏回族自治区', 6402, '石嘴山市', '640205', '惠农区'),
(64, '宁夏回族自治区', 6402, '石嘴山市', '640221', '平罗县'),
(64, '宁夏回族自治区', 6403, '吴忠市', '640302', '利通区'),
(64, '宁夏回族自治区', 6403, '吴忠市', '640303', '红寺堡区'),
(64, '宁夏回族自治区', 6403, '吴忠市', '640323', '盐池县'),
(64, '宁夏回族自治区', 6403, '吴忠市', '640324', '同心县'),
(64, '宁夏回族自治区', 6403, '吴忠市', '640381', '青铜峡市'),
(64, '宁夏回族自治区', 6404, '固原市', '640402', '原州区'),
(64, '宁夏回族自治区', 6404, '固原市', '640422', '西吉县'),
(64, '宁夏回族自治区', 6404, '固原市', '640423', '隆德县'),
(64, '宁夏回族自治区', 6404, '固原市', '640424', '泾源县'),
(64, '宁夏回族自治区', 6404, '固原市', '640425', '彭阳县'),
(64, '宁夏回族自治区', 6405, '中卫市', '640502', '沙坡头区'),
(64, '宁夏回族自治区', 6405, '中卫市', '640521', '中宁县'),
(64, '宁夏回族自治区', 6405, '中卫市', '640522', '海原县'),
(65, '新疆维吾尔自治区', 6501, '乌鲁木齐市', '650102', '天山区'),
(65, '新疆维吾尔自治区', 6501, '乌鲁木齐市', '650103', '沙依巴克区'),
(65, '新疆维吾尔自治区', 6501, '乌鲁木齐市', '650104', '新市区'),
(65, '新疆维吾尔自治区', 6501, '乌鲁木齐市', '650105', '水磨沟区'),
(65, '新疆维吾尔自治区', 6501, '乌鲁木齐市', '650106', '头屯河区'),
(65, '新疆维吾尔自治区', 6501, '乌鲁木齐市', '650107', '达坂城区'),
(65, '新疆维吾尔自治区', 6501, '乌鲁木齐市', '650109', '米东区'),
(65, '新疆维吾尔自治区', 6501, '乌鲁木齐市', '650121', '乌鲁木齐县'),
(65, '新疆维吾尔自治区', 6501, '乌鲁木齐市', '650171', '乌鲁木齐经济技术开发区'),
(65, '新疆维吾尔自治区', 6501, '乌鲁木齐市', '650172', '乌鲁木齐高新技术产业开发区'),
(65, '新疆维吾尔自治区', 6502, '克拉玛依市', '650202', '独山子区'),
(65, '新疆维吾尔自治区', 6502, '克拉玛依市', '650203', '克拉玛依区'),
(65, '新疆维吾尔自治区', 6502, '克拉玛依市', '650204', '白碱滩区'),
(65, '新疆维吾尔自治区', 6502, '克拉玛依市', '650205', '乌尔禾区'),
(65, '新疆维吾尔自治区', 6504, '吐鲁番市', '650402', '高昌区'),
(65, '新疆维吾尔自治区', 6504, '吐鲁番市', '650421', '鄯善县'),
(65, '新疆维吾尔自治区', 6504, '吐鲁番市', '650422', '托克逊县'),
(65, '新疆维吾尔自治区', 6505, '哈密市', '650502', '伊州区'),
(65, '新疆维吾尔自治区', 6505, '哈密市', '650521', '巴里坤哈萨克自治县'),
(65, '新疆维吾尔自治区', 6505, '哈密市', '650522', '伊吾县'),
(65, '新疆维吾尔自治区', 6523, '昌吉回族自治州', '652301', '昌吉市'),
(65, '新疆维吾尔自治区', 6523, '昌吉回族自治州', '652302', '阜康市'),
(65, '新疆维吾尔自治区', 6523, '昌吉回族自治州', '652323', '呼图壁县'),
(65, '新疆维吾尔自治区', 6523, '昌吉回族自治州', '652324', '玛纳斯县'),
(65, '新疆维吾尔自治区', 6523, '昌吉回族自治州', '652325', '奇台县'),
(65, '新疆维吾尔自治区', 6523, '昌吉回族自治州', '652327', '吉木萨尔县'),
(65, '新疆维吾尔自治区', 6523, '昌吉回族自治州', '652328', '木垒哈萨克自治县'),
(65, '新疆维吾尔自治区', 6527, '博尔塔拉蒙古自治州', '652701', '博乐市'),
(65, '新疆维吾尔自治区', 6527, '博尔塔拉蒙古自治州', '652702', '阿拉山口市'),
(65, '新疆维吾尔自治区', 6527, '博尔塔拉蒙古自治州', '652722', '精河县'),
(65, '新疆维吾尔自治区', 6527, '博尔塔拉蒙古自治州', '652723', '温泉县'),
(65, '新疆维吾尔自治区', 6528, '巴音郭楞蒙古自治州', '652801', '库尔勒市'),
(65, '新疆维吾尔自治区', 6528, '巴音郭楞蒙古自治州', '652822', '轮台县'),
(65, '新疆维吾尔自治区', 6528, '巴音郭楞蒙古自治州', '652823', '尉犁县'),
(65, '新疆维吾尔自治区', 6528, '巴音郭楞蒙古自治州', '652824', '若羌县'),
(65, '新疆维吾尔自治区', 6528, '巴音郭楞蒙古自治州', '652825', '且末县'),
(65, '新疆维吾尔自治区', 6528, '巴音郭楞蒙古自治州', '652826', '焉耆回族自治县'),
(65, '新疆维吾尔自治区', 6528, '巴音郭楞蒙古自治州', '652827', '和静县'),
(65, '新疆维吾尔自治区', 6528, '巴音郭楞蒙古自治州', '652828', '和硕县'),
(65, '新疆维吾尔自治区', 6528, '巴音郭楞蒙古自治州', '652829', '博湖县'),
(65, '新疆维吾尔自治区', 6528, '巴音郭楞蒙古自治州', '652871', '库尔勒经济技术开发区'),
(65, '新疆维吾尔自治区', 6529, '阿克苏地区', '652901', '阿克苏市'),
(65, '新疆维吾尔自治区', 6529, '阿克苏地区', '652922', '温宿县'),
(65, '新疆维吾尔自治区', 6529, '阿克苏地区', '652923', '库车县'),
(65, '新疆维吾尔自治区', 6529, '阿克苏地区', '652924', '沙雅县'),
(65, '新疆维吾尔自治区', 6529, '阿克苏地区', '652925', '新和县'),
(65, '新疆维吾尔自治区', 6529, '阿克苏地区', '652926', '拜城县'),
(65, '新疆维吾尔自治区', 6529, '阿克苏地区', '652927', '乌什县'),
(65, '新疆维吾尔自治区', 6529, '阿克苏地区', '652928', '阿瓦提县'),
(65, '新疆维吾尔自治区', 6529, '阿克苏地区', '652929', '柯坪县'),
(65, '新疆维吾尔自治区', 6530, '克孜勒苏柯尔克孜自治州', '653001', '阿图什市'),
(65, '新疆维吾尔自治区', 6530, '克孜勒苏柯尔克孜自治州', '653022', '阿克陶县'),
(65, '新疆维吾尔自治区', 6530, '克孜勒苏柯尔克孜自治州', '653023', '阿合奇县'),
(65, '新疆维吾尔自治区', 6530, '克孜勒苏柯尔克孜自治州', '653024', '乌恰县'),
(65, '新疆维吾尔自治区', 6531, '喀什地区', '653101', '喀什市'),
(65, '新疆维吾尔自治区', 6531, '喀什地区', '653121', '疏附县'),
(65, '新疆维吾尔自治区', 6531, '喀什地区', '653122', '疏勒县'),
(65, '新疆维吾尔自治区', 6531, '喀什地区', '653123', '英吉沙县'),
(65, '新疆维吾尔自治区', 6531, '喀什地区', '653124', '泽普县'),
(65, '新疆维吾尔自治区', 6531, '喀什地区', '653125', '莎车县'),
(65, '新疆维吾尔自治区', 6531, '喀什地区', '653126', '叶城县'),
(65, '新疆维吾尔自治区', 6531, '喀什地区', '653127', '麦盖提县'),
(65, '新疆维吾尔自治区', 6531, '喀什地区', '653128', '岳普湖县'),
(65, '新疆维吾尔自治区', 6531, '喀什地区', '653129', '伽师县'),
(65, '新疆维吾尔自治区', 6531, '喀什地区', '653130', '巴楚县'),
(65, '新疆维吾尔自治区', 6531, '喀什地区', '653131', '塔什库尔干塔吉克自治县'),
(65, '新疆维吾尔自治区', 6532, '和田地区', '653201', '和田市'),
(65, '新疆维吾尔自治区', 6532, '和田地区', '653221', '和田县'),
(65, '新疆维吾尔自治区', 6532, '和田地区', '653222', '墨玉县'),
(65, '新疆维吾尔自治区', 6532, '和田地区', '653223', '皮山县'),
(65, '新疆维吾尔自治区', 6532, '和田地区', '653224', '洛浦县'),
(65, '新疆维吾尔自治区', 6532, '和田地区', '653225', '策勒县'),
(65, '新疆维吾尔自治区', 6532, '和田地区', '653226', '于田县'),
(65, '新疆维吾尔自治区', 6532, '和田地区', '653227', '民丰县'),
(65, '新疆维吾尔自治区', 6540, '伊犁哈萨克自治州', '654002', '伊宁市'),
(65, '新疆维吾尔自治区', 6540, '伊犁哈萨克自治州', '654003', '奎屯市'),
(65, '新疆维吾尔自治区', 6540, '伊犁哈萨克自治州', '654004', '霍尔果斯市'),
(65, '新疆维吾尔自治区', 6540, '伊犁哈萨克自治州', '654021', '伊宁县'),
(65, '新疆维吾尔自治区', 6540, '伊犁哈萨克自治州', '654022', '察布查尔锡伯自治县'),
(65, '新疆维吾尔自治区', 6540, '伊犁哈萨克自治州', '654023', '霍城县'),
(65, '新疆维吾尔自治区', 6540, '伊犁哈萨克自治州', '654024', '巩留县'),
(65, '新疆维吾尔自治区', 6540, '伊犁哈萨克自治州', '654025', '新源县'),
(65, '新疆维吾尔自治区', 6540, '伊犁哈萨克自治州', '654026', '昭苏县'),
(65, '新疆维吾尔自治区', 6540, '伊犁哈萨克自治州', '654027', '特克斯县'),
(65, '新疆维吾尔自治区', 6540, '伊犁哈萨克自治州', '654028', '尼勒克县'),
(65, '新疆维吾尔自治区', 6542, '塔城地区', '654201', '塔城市'),
(65, '新疆维吾尔自治区', 6542, '塔城地区', '654202', '乌苏市'),
(65, '新疆维吾尔自治区', 6542, '塔城地区', '654221', '额敏县'),
(65, '新疆维吾尔自治区', 6542, '塔城地区', '654223', '沙湾县'),
(65, '新疆维吾尔自治区', 6542, '塔城地区', '654224', '托里县'),
(65, '新疆维吾尔自治区', 6542, '塔城地区', '654225', '裕民县'),
(65, '新疆维吾尔自治区', 6542, '塔城地区', '654226', '和布克赛尔蒙古自治县'),
(65, '新疆维吾尔自治区', 6543, '阿勒泰地区', '654301', '阿勒泰市'),
(65, '新疆维吾尔自治区', 6543, '阿勒泰地区', '654321', '布尔津县'),
(65, '新疆维吾尔自治区', 6543, '阿勒泰地区', '654322', '富蕴县'),
(65, '新疆维吾尔自治区', 6543, '阿勒泰地区', '654323', '福海县'),
(65, '新疆维吾尔自治区', 6543, '阿勒泰地区', '654324', '哈巴河县'),
(65, '新疆维吾尔自治区', 6543, '阿勒泰地区', '654325', '青河县'),
(65, '新疆维吾尔自治区', 6543, '阿勒泰地区', '654326', '吉木乃县'),
(65, '新疆维吾尔自治区', 6590, '自治区直辖县级行政区划', '659001', '石河子市'),
(65, '新疆维吾尔自治区', 6590, '自治区直辖县级行政区划', '659002', '阿拉尔市'),
(65, '新疆维吾尔自治区', 6590, '自治区直辖县级行政区划', '659003', '图木舒克市'),
(65, '新疆维吾尔自治区', 6590, '自治区直辖县级行政区划', '659004', '五家渠市'),
(65, '新疆维吾尔自治区', 6590, '自治区直辖县级行政区划', '659006', '铁门关市'),
(52, '贵州省', 5203, '遵义市', '520301', '市辖区'),
(52, '贵州省', 5203, '遵义市', '520302', '红花岗区'),
(52, '贵州省', 5203, '遵义市', '520303', '汇川区'),
(52, '贵州省', 5203, '遵义市', '520304', '播州区'),
(52, '贵州省', 5203, '遵义市', '520322', '桐梓县'),
(52, '贵州省', 5203, '遵义市', '520323', '绥阳县'),
(52, '贵州省', 5203, '遵义市', '520324', '正安县'),
(52, '贵州省', 5203, '遵义市', '520325', '道真仡佬族苗族自治县'),
(52, '贵州省', 5203, '遵义市', '520326', '务川仡佬族苗族自治县'),
(52, '贵州省', 5203, '遵义市', '520328', '湄潭县'),
(52, '贵州省', 5203, '遵义市', '520329', '余庆县'),
(52, '贵州省', 5203, '遵义市', '520330', '习水县'),
(52, '贵州省', 5203, '遵义市', '520381', '赤水市'),
(52, '贵州省', 5203, '遵义市', '520382', '仁怀市'),
(32, '江苏省', 3202, '无锡市', '320282', '宜兴市');

-- --------------------------------------------------------

--
-- 表的结构 `dict_zone_province`
--

CREATE TABLE IF NOT EXISTS `dict_zone_province` (
  `province_code` double NOT NULL,
  `province_name` varchar(30) NOT NULL DEFAULT '',
  `province_short_name` varchar(10) NOT NULL DEFAULT '',
  PRIMARY KEY (`province_code`),
  KEY `province_code` (`province_code`)
) ENGINE=MyISAM DEFAULT CHARSET=utf8mb4 COMMENT='省市区划编码，国家统计局统计2017年版';

--
-- 转存表中的数据 `dict_zone_province`
--

INSERT INTO `dict_zone_province` (`province_code`, `province_name`, `province_short_name`) VALUES
(11, '北京市', '北京'),
(12, '天津市', '天津'),
(13, '河北省', '河北'),
(14, '山西省', '山西'),
(15, '内蒙古自治区', '内蒙古'),
(21, '辽宁省', '辽宁'),
(22, '吉林省', '吉林'),
(23, '黑龙江省', '黑龙江'),
(31, '上海市', '上海'),
(32, '江苏省', '江苏'),
(33, '浙江省', '浙江'),
(34, '安徽省', '安徽'),
(35, '福建省', '福建'),
(36, '江西省', '江西'),
(37, '山东省', '山东'),
(41, '河南省', '河南'),
(42, '湖北省', '湖北'),
(43, '湖南省', '湖南'),
(44, '广东省', '广东'),
(45, '广西壮族自治区', '广西'),
(46, '海南省', '海南'),
(50, '重庆市', '重庆'),
(51, '四川省', '四川'),
(52, '贵州省', '贵州'),
(53, '云南省', '云南'),
(54, '西藏自治区', '西藏'),
(61, '陕西省', '陕西'),
(62, '甘肃省', '甘肃'),
(63, '青海省', '青海'),
(64, '宁夏回族自治区', '宁夏'),
(65, '新疆维吾尔自治区', '新疆'),
(71, '台湾省', '台湾'),
(81, '香港特别行政区', '香港'),
(82, '澳门特别行政区', '澳门');

/*!40101 SET CHARACTER_SET_CLIENT=@OLD_CHARACTER_SET_CLIENT */;
/*!40101 SET CHARACTER_SET_RESULTS=@OLD_CHARACTER_SET_RESULTS */;
/*!40101 SET COLLATION_CONNECTION=@OLD_COLLATION_CONNECTION */;
